ticker,trade_date,open_price,high_price,low_price,close_price,adjusted_close_price,volume,daily_return,price_change,ma_7
AAPL,2025-05-15,210.9499969482422,212.9600067138672,209.5399932861328,211.4499969482422,210.6144561767578,45029500,,0.5,
AAPL,2025-05-16,212.36000061035156,212.57000732421875,209.77000427246094,211.25999450683594,210.42518615722656,54737900,-0.0008985691376138805,-1.100006103515625,
AAPL,2025-05-19,207.91000366210938,209.47999572753906,204.25999450683594,208.77999877929688,207.9550018310547,46140500,-0.011739069355408915,0.8699951171875,
AAPL,2025-05-20,207.6699981689453,208.47000122070312,205.02999877929688,206.86000061035156,206.04258728027344,42496600,-0.009196274452396014,-0.80999755859375,
AAPL,2025-05-21,205.1699981689453,207.0399932861328,200.7100067138672,202.08999633789062,201.2914276123047,59211800,-0.02305909435553888,-3.0800018310546875,
AAPL,2025-05-22,200.7100067138672,202.75,199.6999969482422,201.36000061035156,200.56431579589844,46742400,-0.003612230891026025,0.649993896484375,
AAPL,2025-05-23,193.6699981689453,197.6999969482422,193.4600067138672,195.27000427246094,194.49839782714844,78432900,-0.03024432021966106,1.600006103515625,205.29571315220423
AAPL,2025-05-27,198.3000030517578,200.74000549316406,197.42999267578125,200.2100067138672,199.4188690185547,56288500,0.025298316860348224,1.910003662109375,203.69000026157923
AAPL,2025-05-28,200.58999633789062,202.72999572753906,199.89999389648438,200.4199981689453,199.62803649902344,45339700,0.0010488559414427723,-0.1699981689453125,202.1414293561663
AAPL,2025-05-29,203.5800018310547,203.80999755859375,198.50999450683594,199.9499969482422,199.15988159179688,51396800,-0.0023450814539321962,-3.6300048828125,200.8800005231585
AAPL,2025-05-30,199.3699951171875,201.9600067138672,196.77999877929688,200.85000610351562,200.05633544921875,70819900,0.0045011711378339925,1.480010986328125,200.02142987932478
AAPL,2025-06-02,200.27999877929688,202.1300048828125,200.1199951171875,201.6999969482422,200.90296936035156,35423300,0.0042319682295079986,1.4199981689453125,199.96571568080358
AAPL,2025-06-03,201.35000610351562,203.77000427246094,200.9600067138672,203.27000427246094,202.46676635742188,46381600,0.0077838738124602624,1.9199981689453125,200.2385733468192
AAPL,2025-06-04,202.91000366210938,206.24000549316406,202.10000610351562,202.82000732421875,202.01856994628906,43604000,-0.00221378923984783,-0.089996337890625,201.31714521135603
AAPL,2025-06-05,203.5,204.75,200.14999389648438,200.6300048828125,199.8372039794922,55126100,-0.010797763348392997,-2.8699951171875,201.37714494977678
AAPL,2025-06-06,203.0,205.6999969482422,202.0500030517578,203.9199981689453,203.11419677734375,46607700,0.0163983113495636,0.9199981689453125,201.87714494977678
AAPL,2025-06-09,204.38999938964844,206.0,200.02000427246094,201.4499969482422,200.65394592285156,72862600,-0.012112599268742419,-2.94000244140625,202.0914306640625
AAPL,2025-06-10,200.60000610351562,204.35000610351562,200.57000732421875,202.6699981689453,201.869140625,54672600,0.0060560994747325125,2.0699920654296875,202.35142953055245
AAPL,2025-06-11,203.5,204.5,198.41000366210938,198.77999877929688,197.9945068359375,60989900,-0.019193760422328232,-4.720001220703125,201.93428693498885
AAPL,2025-06-12,199.0800018310547,199.67999267578125,197.36000061035156,199.1999969482422,198.41285705566406,43904600,0.002112879422097258,0.1199951171875,201.3528573172433
AAPL,2025-06-13,199.72999572753906,200.3699951171875,195.6999969482422,196.4499969482422,195.67372131347656,51447300,-0.013805221095031128,-3.279998779296875,200.44285583496094
AAPL,2025-06-16,197.3000030517578,198.69000244140625,196.55999755859375,198.4199981689453,197.63592529296875,43020700,0.010028003315378786,1.1199951171875,200.12714059012276
AAPL,2025-06-17,197.1999969482422,198.38999938964844,195.2100067138672,195.63999938964844,194.86691284179688,38856200,-0.014010678383989505,-1.55999755859375,198.94428362165178
AAPL,2025-06-18,195.94000244140625,197.57000732421875,195.07000732421875,196.5800018310547,195.80320739746094,45394700,0.004804755900321256,0.6399993896484375,198.24857003348214
AAPL,2025-06-20,198.24000549316406,201.6999969482422,196.86000061035156,201.0,200.20574951171875,96813500,0.022484475164182616,2.7599945068359375,198.00999886648995
AAPL,2025-06-23,201.6300048828125,202.3000030517578,198.9600067138672,201.5,200.70375061035156,55814300,0.0024875621890547706,-0.1300048828125,198.39857046944755
AAPL,2025-06-24,202.58999633789062,203.44000244140625,200.1999969482422,200.3000030517578,199.50851440429688,54064000,-0.005955319842392948,-2.2899932861328125,198.5557141985212
AAPL,2025-06-25,201.4499969482422,203.6699981689453,200.6199951171875,201.55999755859375,200.7635498046875,39525700,0.0062905366332437485,0.1100006103515625,199.28571428571428
AAPL,2025-06-26,201.42999267578125,202.63999938964844,199.4600067138672,201.0,200.20574951171875,50799100,-0.002778316954637594,-0.42999267578125,199.65428597586495
AAPL,2025-06-27,201.88999938964844,203.22000122070312,200.0,201.0800018310547,200.28543090820312,73188600,0.00039801905997349785,-0.80999755859375,200.43142918178015
AAPL,2025-06-30,202.00999450683594,207.38999938964844,199.25999450683594,205.1699981689453,204.3592529296875,91912800,0.020340144721736175,3.160003662109375,201.65857151576452
AAPL,2025-07-01,206.6699981689453,210.19000244140625,206.13999938964844,207.82000732421875,206.99879455566406,78788900,0.012916163079025322,1.1500091552734375,202.6328582763672
AAPL,2025-07-02,208.91000366210938,213.33999633789062,208.13999938964844,212.44000244140625,211.60052490234375,67941800,0.022230752354752248,3.529998779296875,204.19571576799666
AAPL,2025-07-03,212.14999389648438,214.64999389648438,211.80999755859375,213.5500030517578,212.70614624023438,34955800,0.005225007520218483,1.4000091552734375,206.0885729108538
AAPL,2025-07-07,212.67999267578125,216.22999572753906,208.8000030517578,209.9499969482422,209.120361328125,50229000,-0.016857907057220234,-2.7299957275390625,207.28714425223214
AAPL,2025-07-08,210.10000610351562,211.42999267578125,208.4499969482422,210.00999450683594,209.1801300048828,42848900,0.00028577070476720756,-0.0900115966796875,208.57428632463728
AAPL,2025-07-09,209.52999877929688,211.3300018310547,207.22000122070312,211.13999938964844,210.30567932128906,48749400,0.005380719548448543,1.6100006103515625,210.0114288330078
AAPL,2025-07-10,210.50999450683594,213.47999572753906,210.02999877929688,212.41000366210938,211.57064819335938,44443600,0.0060149866256142825,1.9000091552734375,211.04571533203125
AAPL,2025-07-11,210.57000732421875,212.1300048828125,209.86000061035156,211.16000366210938,210.32557678222656,39765800,-0.005884845244805148,0.589996337890625,211.52285766601562
AAPL,2025-07-14,209.92999267578125,210.91000366210938,207.5399932861328,208.6199951171875,207.7956085205078,38840100,-0.012028833590031152,-1.30999755859375,210.97714233398438
AAPL,2025-07-15,209.22000122070312,211.88999938964844,208.9199981689453,209.11000061035156,208.28369140625,42296300,0.0023487944810314243,-0.1100006103515625,210.34285627092635
AAPL,2025-07-16,210.3000030517578,212.39999389648438,208.63999938964844,210.16000366210938,209.32955932617188,47490500,0.005021295245053015,-0.1399993896484375,210.37285723005022
AAPL,2025-07-17,210.57000732421875,211.8000030517578,209.58999633789062,210.02000427246094,209.1901092529297,48068100,-0.0006661562010320532,-0.5500030517578125,210.37428719656808
AAPL,2025-07-18,210.8699951171875,211.7899932861328,209.6999969482422,211.17999267578125,210.3455047607422,48974600,0.005523228167424676,0.30999755859375,210.3800005231585
AAPL,2025-07-21,212.10000610351562,215.77999877929688,211.6300048828125,212.47999572753906,211.640380859375,51377400,0.006155900638530998,0.3799896240234375,210.38999938964844
AAPL,2025-07-22,213.13999938964844,214.9499969482422,212.22999572753906,214.39999389648438,213.5527801513672,46404100,0.00903613614246912,1.2599945068359375,210.8528551374163
AAPL,2025-07-23,215.0,215.14999389648438,212.41000366210938,214.14999389648438,213.30377197265625,46989300,-0.0011660448093142595,-0.850006103515625,211.64285496303015
AAPL,2025-07-24,213.89999389648438,215.69000244140625,213.52999877929688,213.75999450683594,212.91531372070312,46022600,-0.0018211505989440546,-0.1399993896484375,212.30713980538505
AAPL,2025-07-25,214.6999969482422,215.24000549316406,213.39999389648438,213.8800048828125,213.0348358154297,40268800,0.0005614258002459849,-0.8199920654296875,212.83856855119978
AAPL,2025-07-28,214.02999877929688,214.85000610351562,213.05999755859375,214.0500030517578,213.2041778564453,37858000,0.0007948296477664485,0.0200042724609375,213.4142826625279
AAPL,2025-07-29,214.17999267578125,214.80999755859375,210.82000732421875,211.27000427246094,210.43515014648438,51411700,-0.012987613826964783,-2.9099884033203125,213.42714146205358
AAPL,2025-07-30,211.89999389648438,212.38999938964844,207.72000122070312,209.0500030517578,208.22393798828125,45512500,-0.010507886476113892,-2.8499908447265625,212.93714250837053
AAPL,2025-07-31,208.49000549316406,209.83999633789062,207.16000366210938,207.57000732421875,206.74978637695312,80698400,-0.007079625476841711,-0.9199981689453125,211.961430140904
AAPL,2025-08-01,210.8699951171875,213.5800018310547,201.5,202.3800048828125,201.58030700683594,104434500,-0.025003624118486445,-8.489990234375,210.2800031389509
AAPL,2025-08-04,204.50999450683594,207.8800048828125,201.67999267578125,203.35000610351562,202.5464630126953,75109300,0.004792969647692269,-1.1599884033203125,208.79286193847656
AAPL,2025-08-05,203.39999389648438,205.33999633789062,202.16000366210938,202.9199981689453,202.11814880371094,44155100,-0.002114619727876521,-0.4799957275390625,207.2271466936384
AAPL,2025-08-06,205.6300048828125,215.3800048828125,205.58999633789062,213.25,212.40733337402344,108483100,0.05090677076812433,7.6199951171875,207.11286054338728
AAPL,2025-08-07,218.8800048828125,220.85000610351562,216.5800018310547,220.02999877929688,219.16053771972656,90224800,0.03179366367782821,1.149993896484375,208.36428833007812
AAPL,2025-08-08,220.8300018310547,231.0,219.25,229.35000610351562,228.44371032714844,113854000,0.04235789381413979,8.520004272460938,211.26428876604353
AAPL,2025-08-11,227.9199981689453,229.55999755859375,224.75999450683594,227.17999267578125,226.53909301757812,61806100,-0.009461579986856261,-0.7400054931640625,214.06571524483817
AAPL,2025-08-12,228.00999450683594,230.8000030517578,227.07000732421875,229.64999389648438,229.00213623046875,55626200,0.010872441677679756,1.6399993896484375,217.96142796107702
AAPL,2025-08-13,231.07000732421875,235.0,230.42999267578125,233.3300018310547,232.6717529296875,69878500,0.01602441991019199,2.2599945068359375,222.2442844935826
AAPL,2025-08-14,234.05999755859375,235.1199951171875,230.85000610351562,232.77999877929688,232.12330627441406,51916300,-0.0023571895917441354,-1.279998779296875,226.50999886648995
AAPL,2025-08-15,234.0,234.27999877929688,229.33999633789062,231.58999633789062,230.93666076660156,56038700,-0.005112133549474374,-2.410003662109375,229.12999834333147
AAPL,2025-08-18,231.6999969482422,233.1199951171875,230.11000061035156,230.88999938964844,230.23863220214844,37476200,-0.0030225698834628334,-0.80999755859375,230.68142700195312
AAPL,2025-08-19,231.27999877929688,232.8699951171875,229.35000610351562,230.55999755859375,229.90956115722656,39402600,-0.001429259958971918,-0.720001220703125,230.85428292410714
AAPL,2025-08-20,229.97999572753906,230.47000122070312,225.77000427246094,226.00999450683594,225.3723907470703,42263900,-0.019734572779050663,-3.970001220703125,230.68714032854353
AAPL,2025-08-21,226.27000427246094,226.52000427246094,223.77999877929688,224.89999389648438,224.26551818847656,30621200,-0.004911289931109564,-1.3700103759765625,230.0085688999721
AAPL,2025-08-22,226.1699981689453,229.08999633789062,225.41000366210938,227.75999450683594,227.11746215820312,42477800,0.012716766064777785,1.589996337890625,229.21285356794084
AAPL,2025-08-25,226.47999572753906,229.3000030517578,226.22999572753906,227.16000366210938,226.5191650390625,30983100,-0.0026343118159346535,0.6800079345703125,228.40999712262834
AAPL,2025-08-26,226.8699951171875,229.49000549316406,224.69000244140625,229.30999755859375,228.6630859375,54575100,0.009464667467088184,2.44000244140625,228.08428301130022
AAPL,2025-08-27,228.61000061035156,230.89999389648438,228.25999450683594,230.49000549316406,229.83978271484375,31259500,0.00514590705653295,1.8800048828125,228.02714102608817
AAPL,2025-08-28,230.82000732421875,233.41000366210938,229.33999633789062,232.55999755859375,231.90391540527344,38074700,0.008980832210059075,1.739990234375,228.31285531180245
AAPL,2025-08-29,232.50999450683594,233.3800048828125,231.3699951171875,232.13999938964844,231.485107421875,39418400,-0.00180597769760249,-0.3699951171875,229.1885702950614
AAPL,2025-09-02,229.25,230.85000610351562,226.97000122070312,229.72000122070312,229.07192993164062,44075600,-0.010424735828844955,0.470001220703125,229.87714276994978
AAPL,2025-09-03,237.2100067138672,238.85000610351562,234.36000061035156,238.47000122070312,237.79725646972656,66427800,0.038089848308826335,1.2599945068359375,231.40714372907365
AAPL,2025-09-04,238.4499969482422,239.89999389648438,236.74000549316406,239.77999877929688,239.10353088378906,47549400,0.005493343195739575,1.3300018310546875,233.21000017438615
AAPL,2025-09-05,240.0,241.32000732421875,238.49000549316406,239.69000244140625,239.01380920410156,54870400,-0.00037532879451496193,-0.30999755859375,234.69285801478796
AAPL,2025-09-08,239.3000030517578,240.14999389648438,236.33999633789062,237.8800048828125,237.20892333984375,48999500,-0.007551410322323426,-1.4199981689453125,235.74857221330916
AAPL,2025-09-09,237.0,238.77999877929688,233.36000061035156,234.35000610351562,233.6888885498047,66313900,-0.014839409394815983,-2.649993896484375,236.00428771972656
AAPL,2025-09-10,232.19000244140625,232.4199981689453,225.9499969482422,226.7899932861328,226.1501922607422,83440800,-0.03225949486019408,-5.4000091552734375,235.24000113351005
AAPL,2025-09-11,226.8800048828125,230.4499969482422,226.64999389648438,230.02999877929688,229.38107299804688,50208600,0.014286368839370622,3.149993896484375,235.28428649902344
AAPL,2025-09-12,229.22000122070312,234.50999450683594,229.02000427246094,234.07000732421875,233.40968322753906,55824200,0.017562963814985233,4.850006103515625,234.6557159423828
AAPL,2025-09-15,237.0,238.19000244140625,235.02999877929688,236.6999969482422,236.03224182128906,42699500,0.011235910376080627,-0.3000030517578125,234.21571568080358
AAPL,2025-09-16,237.17999267578125,241.22000122070312,236.32000732421875,238.14999389648438,237.4781494140625,63421100,0.0061258849469238985,0.970001220703125,233.99571446010046
AAPL,2025-09-17,238.97000122070312,240.10000610351562,237.72999572753906,238.99000549316406,238.3157958984375,46508000,0.0035272375318422533,0.0200042724609375,234.15428597586495
AAPL,2025-09-18,239.97000122070312,241.1999969482422,236.64999389648438,237.8800048828125,237.20892333984375,44249600,-0.0046445482440198305,-2.089996337890625,234.65857151576452
AAPL,2025-09-19,241.22999572753906,246.3000030517578,240.2100067138672,245.5,244.8074188232422,163741300,0.03203293660995743,4.2700042724609375,237.33142961774553
AAPL,2025-09-22,248.3000030517578,256.6400146484375,248.1199951171875,256.0799865722656,255.35755920410156,105517400,0.04309566831880085,7.7799835205078125,241.0528564453125
AAPL,2025-09-23,255.8800048828125,257.3399963378906,253.5800018310547,254.42999267578125,253.7122344970703,60275200,-0.006443275472520216,-1.45001220703125,243.96142578125
AAPL,2025-09-24,255.22000122070312,255.74000549316406,251.0399932861328,252.30999755859375,251.59820556640625,42303700,-0.008332331793480807,-2.910003662109375,246.19142586844308
AAPL,2025-09-25,253.2100067138672,257.1700134277344,251.7100067138672,256.8699951171875,256.14532470703125,55202100,0.018072995928489766,3.6599884033203125,248.86571175711495
AAPL,2025-09-26,254.10000610351562,257.6000061035156,253.77999877929688,255.4600067138672,254.7393341064453,46076300,-0.005489112898051984,1.3600006103515625,251.21856907435827
AAPL,2025-09-29,254.55999755859375,255.0,253.00999450683594,254.42999267578125,253.7122344970703,40127700,-0.004031997224675621,-0.1300048828125,253.58285304478235
AAPL,2025-09-30,254.86000061035156,255.9199981689453,253.11000061035156,254.6300048828125,253.9116668701172,37704300,0.0007861188255666729,-0.2299957275390625,254.88713945661272
AAPL,2025-10-01,255.0399932861328,258.7900085449219,254.92999267578125,255.4499969482422,254.72933959960938,48713900,0.003220327729275496,0.410003662109375,254.7971409388951
AAPL,2025-10-02,256.5799865722656,258.17999267578125,254.14999389648438,257.1300048828125,256.40460205078125,42630200,0.00657666061710982,0.550018310546875,255.182856968471
AAPL,2025-10-03,254.6699981689453,259.239990234375,253.9499969482422,258.0199890136719,257.2920837402344,49155600,0.0034612223931820285,3.3499908447265625,255.99857003348214
AAPL,2025-10-06,257.989990234375,259.07000732421875,255.0500030517578,256.69000244140625,255.9658660888672,44664100,-0.005154587353288997,-1.29998779296875,255.97285679408483
AAPL,2025-10-07,256.80999755859375,257.3999938964844,255.42999267578125,256.4800109863281,255.75645446777344,31955800,-0.0008180741481198517,-0.329986572265625,256.11857169015065
AAPL,2025-10-08,256.5199890136719,258.5199890136719,256.1099853515625,258.05999755859375,257.33197021484375,36496900,0.006160271773966164,1.540008544921875,256.63714381626676
AAPL,2025-10-09,257.80999755859375,258.0,253.13999938964844,254.0399932861328,253.32330322265625,38322000,-0.015577789314472068,-3.7700042724609375,256.5528564453125
AAPL,2025-10-10,254.94000244140625,256.3800048828125,244.0,245.27000427246094,244.57806396484375,61999100,-0.034522080166306646,-9.669998168945312,255.09857177734375
AAPL,2025-10-13,249.3800048828125,249.69000244140625,245.55999755859375,247.66000366210938,246.96133422851562,38142900,0.009744360696440912,-1.720001220703125,253.74571446010046
AAPL,2025-10-14,246.60000610351562,248.85000610351562,244.6999969482422,247.77000427246094,247.07101440429688,35478000,0.0004441597703503941,1.1699981689453125,252.28143092564173
AAPL,2025-10-15,249.49000549316406,251.82000732421875,247.47000122070312,249.33999633789062,248.63658142089844,33893600,0.0063364896410271765,-0.1500091552734375,251.23143005371094
AAPL,2025-10-16,248.25,249.0399932861328,245.1300048828125,247.4499969482422,246.7519073486328,39777000,-0.007580008893106838,-0.8000030517578125,249.9414280482701
AAPL,2025-10-17,248.02000427246094,253.3800048828125,247.27000427246094,252.2899932861328,251.5782470703125,49147000,0.019559492412937862,4.269989013671875,249.1171417236328
AAPL,2025-10-20,255.88999938964844,264.3800048828125,255.6300048828125,262.239990234375,261.50018310546875,90483000,0.03943873008454002,6.3499908447265625,250.288569859096
AAPL,2025-10-21,261.8800048828125,265.2900085449219,261.8299865722656,262.7699890136719,262.0286865234375,46695900,0.002021044840732289,0.889984130859375,252.78856767926897
AAPL,2025-10-22,262.6499938964844,262.8500061035156,255.42999267578125,258.45001220703125,257.7209167480469,45015300,-0.016440145325788524,-4.199981689453125,254.32999747140067
AAPL,2025-10-23,259.94000244140625,260.6199951171875,258.010009765625,259.5799865722656,258.8476867675781,32754900,0.004372119604812541,-0.360015869140625,256.0171377999442
AAPL,2025-10-24,261.19000244140625,264.1300048828125,259.17999267578125,262.82000732421875,262.07855224609375,38253700,0.012481781799657865,1.6300048828125,257.94285365513394
AAPL,2025-10-27,264.8800048828125,269.1199951171875,264.6499938964844,268.80999755859375,268.0516357421875,44888200,0.02279122619072771,3.92999267578125,260.9942823137556
AAPL,2025-10-28,268.989990234375,269.8900146484375,268.1499938964844,269.0,268.2410888671875,41534800,0.0007068280314419528,0.010009765625,263.3814261300223
AAPL,2025-10-29,269.2799987792969,271.4100036621094,267.1099853515625,269.70001220703125,268.93914794921875,51086700,0.0026022758625696696,0.420013427734375,264.4471435546875
AAPL,2025-10-30,271.989990234375,274.1400146484375,268.4800109863281,271.3999938964844,270.63433837890625,69886500,0.006303231785351748,-0.589996337890625,265.6800013950893
AAPL,2025-10-31,276.989990234375,277.32000732421875,269.1600036621094,270.3699951171875,269.60723876953125,86167100,-0.0037951319176879883,-6.6199951171875,267.3828560965402
AAPL,2025-11-03,270.4200134277344,270.8500061035156,266.25,269.04998779296875,268.2909851074219,50194600,-0.0048822256465500535,-1.370025634765625,268.73571341378346
AAPL,2025-11-04,268.3299865722656,271.489990234375,267.6199951171875,270.0400085449219,269.2781982421875,49274800,0.003679690752169673,1.71002197265625,269.7671421595982
AAPL,2025-11-05,268.6099853515625,271.70001220703125,266.92999267578125,270.1400146484375,269.3778991699219,43683100,0.00037033809935982376,1.530029296875,269.9571446010045
AAPL,2025-11-06,267.8900146484375,273.3999938964844,267.8900146484375,269.7699890136719,269.0089416503906,51204000,-0.001369754996301431,1.879974365234375,270.06714303152904
AAPL,2025-11-07,269.79998779296875,272.2900085449219,266.7699890136719,268.4700012207031,267.7126159667969,48227400,-0.004818874767062664,-1.329986572265625,269.8914271763393
AAPL,2025-11-10,268.9599914550781,273.7300109863281,267.4599914550781,269.42999267578125,268.9303283691406,41312400,0.003575786682732396,0.470001220703125,269.60999843052457
AAPL,2025-11-11,269.80999755859375,275.9100036621094,269.79998779296875,275.25,274.73956298828125,46208300,0.021601185771556786,5.44000244140625,270.30714198521207
AAPL,2025-11-12,275.0,275.7300109863281,271.70001220703125,273.4700012207031,272.962890625,48398000,-0.006466843884820661,-1.529998779296875,270.9385724748884
AAPL,2025-11-13,274.1099853515625,276.70001220703125,272.0899963378906,272.95001220703125,272.4438171386719,49602800,-0.0019014480979659965,-1.15997314453125,271.35428728376115
AAPL,2025-11-14,271.04998779296875,275.9599914550781,269.6000061035156,272.4100036621094,271.90484619140625,47431300,-0.0019784155368063328,1.360015869140625,271.67857142857144
AAPL,2025-11-17,268.82000732421875,270.489990234375,265.7300109863281,267.4599914550781,266.9639892578125,45018300,-0.018171183658773127,-1.360015869140625,271.34857177734375
AAPL,2025-11-18,269.989990234375,270.7099914550781,265.32000732421875,267.44000244140625,266.94403076171875,45677300,-7.473646268785217e-05,-2.54998779296875,271.20142909458707
AAPL,2025-11-19,265.5299987792969,272.2099914550781,265.5,268.55999755859375,268.0619812011719,40424500,0.004187836924032684,3.029998779296875,271.07714407784596
AAPL,2025-11-20,270.8299865722656,275.42999267578125,265.9200134277344,266.25,265.7562561035156,45823600,-0.008601420835542606,-4.579986572265625,269.7914297921317
AAPL,2025-11-21,265.95001220703125,273.3299865722656,265.6700134277344,271.489990234375,270.98651123046875,59030800,0.019680714495305063,5.53997802734375,269.5085710797991
AAPL,2025-11-24,270.8999938964844,277.0,270.8999938964844,275.9200134277344,275.4083557128906,65585800,0.0163174457722548,5.02001953125,269.93285696847096
AAPL,2025-11-25,275.2699890136719,280.3800048828125,275.25,276.9700012207031,276.45635986328125,46914200,0.003805406428931457,1.70001220703125,270.5842851911272
AAPL,2025-11-26,276.9599914550781,279.5299987792969,276.6300048828125,277.54998779296875,277.0353088378906,33431400,0.0020940411225383038,0.589996337890625,272.0257132393973
AAPL,2025-11-28,277.260009765625,279.0,275.989990234375,278.8500061035156,278.3328857421875,20135600,0.004683906927485104,1.589996337890625,273.6557137625558
AAPL,2025-12-01,278.010009765625,283.4200134277344,276.1400146484375,283.1000061035156,282.57501220703125,46587700,0.015241168753721723,5.089996337890625,275.7328578404018
AAPL,2025-12-02,283.0,287.3999938964844,282.6300048828125,286.19000244140625,285.6592712402344,53669500,0.010914857899228636,3.19000244140625,278.5814296177455
AAPL,2025-12-03,286.20001220703125,288.6199951171875,283.29998779296875,284.1499938964844,283.623046875,43538700,-0.00712816145749029,-2.050018310546875,280.39000156947543
AAPL,2025-12-04,284.1000061035156,284.7300109863281,278.5899963378906,280.70001220703125,280.179443359375,43989100,-0.012141410394363561,-3.399993896484375,281.07285853794644
AAPL,2025-12-05,280.5400085449219,281.1400146484375,278.04998779296875,278.7799987792969,278.26300048828125,47265800,-0.00684009028940924,-1.760009765625,281.3314296177455
AAPL,2025-12-08,278.1300048828125,279.6700134277344,276.1499938964844,277.8900146484375,277.3746643066406,38211800,-0.00319242461710445,-0.239990234375,281.3800048828125
AAPL,2025-12-09,278.1600036621094,280.0299987792969,276.9200134277344,277.17999267578125,276.6659851074219,32193300,-0.002555046727945598,-0.980010986328125,281.1414315359933
AAPL,2025-12-10,277.75,279.75,276.44000244140625,278.7799987792969,278.26300048828125,33038300,0.00577244442526248,1.029998779296875,280.52428763253346
AAPL,2025-12-11,279.1000061035156,279.5899963378906,273.80999755859375,278.0299987792969,277.514404296875,33248000,-0.0026902934331158868,-1.07000732421875,279.3585728236607
AAPL,2025-12-12,277.8999938964844,279.2200012207031,276.82000732421875,278.2799987792969,277.763916015625,39532900,0.0008991835452922814,0.3800048828125,278.52000209263394
AAPL,2025-12-15,280.1499938964844,280.1499938964844,272.8399963378906,274.1099853515625,273.6016540527344,50409100,-0.014984955605960026,-6.040008544921875,277.5785696847098
AAPL,2025-12-16,272.82000732421875,275.5,271.7900085449219,274.6099853515625,274.1007385253906,37648600,0.0018240853187405648,1.78997802734375,276.9828534807478
AAPL,2025-12-17,275.010009765625,276.1600036621094,271.6400146484375,271.8399963378906,271.33587646484375,50138700,-0.010086993049891024,-3.170013427734375,276.11856515066967
AAPL,2025-12-18,273.6099853515625,273.6300048828125,266.95001220703125,272.19000244140625,271.68524169921875,51630700,0.001287544541755281,-1.41998291015625,275.4057094029018
AAPL,2025-12-19,272.1499938964844,274.6000061035156,269.8999938964844,273.6700134277344,273.1625061035156,144632000,0.005437418615868328,1.52001953125,274.6757114955357
AAPL,2025-12-22,272.8599853515625,273.8800048828125,270.510009765625,270.9700012207031,270.4674987792969,36571800,-0.009865941003960987,-1.889984130859375,273.6671404157366
AAPL,2025-12-23,270.8399963378906,272.5,269.55999755859375,272.3599853515625,271.85491943359375,29642000,0.005129660569795913,1.519989013671875,272.82142421177457
AAPL,2025-12-24,272.3399963378906,275.42999267578125,272.20001220703125,273.80999755859375,273.3022155761719,17910600,0.005323881205087977,1.470001220703125,272.77856881277904
AAPL,2025-12-26,274.1600036621094,275.3699951171875,272.8599853515625,273.3999938964844,272.89300537109375,21521800,-0.0014974020881820538,-0.760009765625,272.605712890625
AAPL,2025-12-29,272.69000244140625,274.3599853515625,272.3500061035156,273.760009765625,273.2523498535156,23715200,0.0013168100847762432,1.07000732421875,272.88000052315846
AAPL,2025-12-30,272.80999755859375,274.0799865722656,272.2799987792969,273.0799865722656,272.57354736328125,22139600,-0.0024840121606569676,0.269989013671875,273.00714111328125
AAPL,2025-12-31,273.05999755859375,273.67999267578125,271.75,271.8599853515625,271.3558349609375,27293600,-0.004467559984957958,-1.20001220703125,272.7485656738281
AAPL,2026-01-02,272.260009765625,277.8399963378906,269.0,271.010009765625,270.5074462890625,37838100,-0.0031265196488491354,-1.25,272.7542811802455
AAPL,2026-01-05,270.6400146484375,271.510009765625,266.1400146484375,267.260009765625,266.764404296875,45647200,-0.013837127282653072,-3.3800048828125,272.0257132393973
AAPL,2026-01-06,267.0,267.54998779296875,262.1199951171875,262.3599853515625,261.87347412109375,52352100,-0.01833429707033085,-4.6400146484375,270.38999720982144
AAPL,2026-01-07,263.20001220703125,263.67999267578125,259.80999755859375,260.3299865722656,259.84722900390625,48309800,-0.007737455757884204,-2.870025634765625,268.5228533063616
AAPL,2026-01-08,257.0199890136719,259.2900085449219,255.6999969482422,259.0400085449219,258.55963134765625,50419300,-0.004955164959399183,2.02001953125,266.4199959891183
AAPL,2026-01-09,259.0799865722656,260.2099914550781,256.2200012207031,259.3699951171875,258.8890075683594,39997000,0.00127388264893602,0.290008544921875,264.46142578125
AAPL,2026-01-12,259.1600036621094,261.29998779296875,256.79998779296875,260.25,259.7673645019531,45263800,0.0033928553779511983,1.089996337890625,262.8028564453125
AAPL,2026-01-13,258.7200012207031,261.80999755859375,258.3900146484375,261.04998779296875,260.5658874511719,45730800,0.003073920434077726,2.329986572265625,261.3799961635045
AAPL,2026-01-14,259.489990234375,261.82000732421875,256.7099914550781,259.9599914550781,259.4779052734375,40019400,-0.004175431483854575,0.470001220703125,260.3371364048549
AAPL,2026-01-15,260.6499938964844,261.0400085449219,257.04998779296875,258.2099914550781,257.7311706542969,39388600,-0.006731805114335909,-2.44000244140625,259.74428013392856
AAPL,2026-01-16,257.8999938964844,258.8999938964844,254.92999267578125,255.52999877929688,255.05612182617188,72142800,-0.010379120733008063,-2.3699951171875,259.0585675920759
AAPL,2026-01-20,252.72999572753906,254.7899932861328,243.4199981689453,246.6999969482422,246.2425079345703,80267500,-0.03455563680678142,-6.029998779296875,257.2957087925502
AAPL,2026-01-21,248.6999969482422,251.55999755859375,245.17999267578125,247.64999389648438,247.1907501220703,54641700,0.0038508186461043703,-1.0500030517578125,255.62142290387834
AAPL,2026-01-22,249.1999969482422,251.0,248.14999389648438,248.35000610351562,247.8894500732422,39708300,0.002826619116832463,-0.8499908447265625,253.92142377580916
AAPL,2026-01-23,247.32000732421875,249.41000366210938,244.67999267578125,248.0399932861328,247.58001708984375,41689000,-0.0012482899527435087,0.7199859619140625,252.06285313197546
AAPL,2026-01-26,251.47999572753906,256.55999755859375,249.8000030517578,255.41000366210938,254.93637084960938,55969200,0.02971299216040002,3.9300079345703125,251.41285487583704
AAPL,2026-01-27,259.1700134277344,261.95001220703125,258.2099914550781,258.2699890136719,257.7910461425781,49648300,0.01119762464490659,-0.9000244140625,251.42142595563615
AAPL,2026-01-28,257.6499938964844,258.8599853515625,254.50999450683594,256.44000244140625,255.96444702148438,41288000,-0.007085556394896275,-1.209991455078125,251.55142647879464
AAPL,2026-01-29,258.0,259.6499938964844,254.41000366210938,258.2799987792969,257.801025390625,67253000,0.007175153331668849,0.279998779296875,253.2057124546596
AAPL,2026-01-30,255.1699981689453,261.8999938964844,252.17999267578125,259.4800109863281,258.99884033203125,92443400,0.004646167774132071,4.3100128173828125,254.89571489606584
AAPL,2026-02-02,260.0299987792969,270.489990234375,259.2099914550781,270.010009765625,269.50927734375,73913400,0.04058115590203082,9.980010986328125,257.99000113351
AAPL,2026-02-03,269.20001220703125,271.8800048828125,267.6099853515625,269.4800109863281,268.98028564453125,64394700,-0.0019628856713753695,0.279998779296875,261.05286080496654
AAPL,2026-02-04,272.2900085449219,278.95001220703125,272.2900085449219,276.489990234375,275.97723388671875,90545700,0.026012984125945104,4.199981689453125,264.0642874581473
AAPL,2026-02-05,278.1300048828125,279.5,273.2300109863281,275.9100036621094,275.3983459472656,52977400,-0.0020976765624461935,-2.220001220703125,266.58428955078125
AAPL,2026-02-06,277.1199951171875,280.9100036621094,276.92999267578125,278.1199951171875,277.6042175292969,50453400,0.008009827210848641,1.0,269.68143136160717
AAPL,2026-02-09,277.9100036621094,278.20001220703125,271.70001220703125,274.6199951171875,274.3672180175781,44623400,-0.01258449612198953,-3.290008544921875,272.0157165527344
AAPL,2026-02-10,274.8900146484375,275.3699951171875,272.94000244140625,273.67999267578125,273.4280700683594,34376900,-0.003422920610733904,-1.21002197265625,274.0442853655134
AAPL,2026-02-11,274.70001220703125,280.17999267578125,274.45001220703125,275.5,275.24639892578125,51931300,0.0066501292492171515,0.79998779296875,274.8285696847098
AAPL,2026-02-12,275.5899963378906,275.7200012207031,260.17999267578125,261.7300109863281,261.4891052246094,81077200,-0.049981811301894274,-13.8599853515625,273.721426827567
AAPL,2026-02-13,262.010009765625,262.2300109863281,255.4499969482422,255.77999877929688,255.5445556640625,56290700,-0.022733396848946263,-6.230010986328125,270.76285661969865
AAPL,2026-02-17,258.04998779296875,266.2900085449219,255.5399932861328,263.8800048828125,263.6371154785156,58469100,0.031667863563111576,5.83001708984375,269.0442853655134
AAPL,2026-02-18,263.6000061035156,266.82000732421875,262.45001220703125,264.3500061035156,264.106689453125,34203300,0.0017811172199722058,0.75,267.07714407784596
AAPL,2026-02-19,262.6000061035156,264.4800109863281,260.04998779296875,260.5799865722656,260.3401184082031,30845300,-0.014261469431454121,-2.02001953125,265.07142857142856
AAPL,2026-02-20,258.9700012207031,264.75,258.1600036621094,264.5799865722656,264.3364562988281,42070500,0.015350373037534393,5.6099853515625,263.7714276994978
AAPL,2026-02-23,263.489990234375,269.42999267578125,263.3800048828125,266.17999267578125,265.9349670410156,37308200,0.006047343656806037,2.69000244140625,262.4399980817522
AAPL,2026-02-24,267.8599853515625,274.8900146484375,267.7099914550781,272.1400146484375,271.8895263671875,47014600,0.022390946489790453,4.280029296875,263.92714146205356
AAPL,2026-02-25,271.7799987792969,274.94000244140625,271.04998779296875,274.2300109863281,273.97760009765625,33714300,0.007679856784716499,2.45001220703125,266.5628574916295
AAPL,2026-02-26,274.95001220703125,276.1099853515625,270.79998779296875,272.95001220703125,272.6987609863281,32345100,-0.004667610137537803,-2.0,267.8585728236607
AAPL,2026-02-27,272.80999755859375,272.80999755859375,262.8900146484375,264.17999267578125,263.93682861328125,72366500,-0.03213049693728531,-8.6300048828125,267.8342851911272
AAPL,2026-03-02,262.4100036621094,266.5299987792969,260.20001220703125,264.7200012207031,264.476318359375,41827900,0.002044093269336189,2.30999755859375,268.4257158551897
AAPL,2026-03-03,263.4800109863281,265.55999755859375,260.1300048828125,263.75,263.5072326660156,38568900,-0.0036642536122324376,0.269989013671875,268.30714634486606
AAPL,2026-03-04,264.6499938964844,266.1499938964844,261.4200134277344,262.5199890136719,262.2783508300781,39803100,-0.004663548763329417,-2.1300048828125,267.78428867885043
AAPL,2026-03-05,260.7900085449219,261.55999755859375,257.25,260.2900085449219,260.0504150390625,49658600,-0.00849451684471103,-0.5,266.0914306640625
AAPL,2026-03-06,258.6300048828125,258.7699890136719,254.3699951171875,257.4599914550781,257.2229919433594,41120000,-0.010872553678353492,-1.170013427734375,263.69571358816967
AAPL,2026-03-09,255.69000244140625,261.1499938964844,253.67999267578125,259.8800048828125,259.6407775878906,38218500,0.009399570838394267,4.19000244140625,261.8285696847098
AAPL,2026-03-10,257.6499938964844,262.4800109863281,256.95001220703125,260.8299865722656,260.58990478515625,30590800,0.0036554627966916,3.17999267578125,261.3499973842076
AAPL,2026-03-11,261.0899963378906,262.1300048828125,259.54998779296875,260.80999755859375,260.5699157714844,26218900,-7.663617950748325e-05,-0.279998779296875,260.7914254324777
AAPL,2026-03-12,258.6600036621094,258.95001220703125,254.17999267578125,255.75999450683594,255.52456665039062,40794000,-0.019362766377938656,-2.9000091552734375,259.64999607631137
AAPL,2026-03-13,255.47999572753906,256.3299865722656,249.52000427246094,250.1199951171875,249.8897705078125,36930000,-0.022051921765652405,-5.3600006103515625,257.87856837681363
AAPL,2026-03-16,252.11000061035156,253.88999938964844,249.8800048828125,252.82000732421875,252.58729553222656,32074200,0.01079486750256109,0.7100067138671875,256.8114253452846
AAPL,2026-03-17,252.9600067138672,255.1300048828125,252.17999267578125,254.22999572753906,253.99598693847656,32361600,0.005577044389181385,1.269989013671875,256.3499973842076
AAPL,2026-03-18,252.6300048828125,254.94000244140625,249.0,249.94000244140625,249.70994567871094,35757900,-0.016874457610149385,-2.69000244140625,254.92999703543526
AAPL,2026-03-19,249.39999389648438,251.8300018310547,247.3000030517578,248.9600067138672,248.73085021972656,34864100,-0.0039209238936004365,-0.4399871826171875,253.23428562709265
AAPL,2026-03-20,247.97999572753906,249.1999969482422,246.0,247.99000549316406,247.76173400878906,88331100,-0.003896213024359163,0.010009765625,251.4028581891741
AAPL,2026-03-23,253.97000122070312,254.60000610351562,250.27999877929688,251.49000549316406,251.25851440429688,40546100,0.01411347200480817,-2.4799957275390625,250.79285975864954
AAPL,2026-03-24,250.35000610351562,254.8300018310547,249.5500030517578,251.63999938964844,251.4083709716797,45152300,0.0005964209042432778,1.2899932861328125,251.01000322614397
AAPL,2026-03-25,254.10000610351562,255.0,251.60000610351562,252.6199951171875,252.38746643066406,28476700,0.00389443542328749,-1.480010986328125,250.98143005371094
AAPL,2026-03-26,252.1199951171875,257.0,250.77000427246094,252.88999938964844,252.6572265625,41796700,0.0010688159198788405,0.7700042724609375,250.79000200544084
AAPL,2026-03-27,253.89999389648438,255.49000549316406,248.07000732421875,248.8000030517578,248.57098388671875,47900000,-0.016173025219509918,-5.0999908447265625,250.62714494977678
AAPL,2026-03-30,250.07000732421875,250.8699951171875,245.50999450683594,246.6300048828125,246.40298461914062,39446200,-0.008721857485242457,-3.44000244140625,250.2942875453404
AAPL,2026-03-31,247.91000366210938,255.47999572753906,247.10000610351562,253.7899932861328,253.55638122558594,49598100,0.029031294901536553,5.8799896240234375,251.12285723005022
AAPL,2026-04-01,254.0800018310547,256.17999267578125,253.3300018310547,255.6300048828125,255.3946990966797,40059400,0.007250134541771258,1.5500030517578125,251.71428571428572
AAPL,2026-04-02,254.1999969482422,256.1300048828125,250.64999389648438,255.9199981689453,255.68443298339844,31289400,0.0011344258521832629,1.720001220703125,252.32571411132812
AAPL,2026-04-06,256.510009765625,262.1600036621094,256.4599914550781,258.8599853515625,258.6217041015625,29329900,0.011487914987700076,2.3499755859375,253.2171412876674
AAPL,2026-04-07,256.1600036621094,256.20001220703125,245.6999969482422,253.5,253.26666259765625,62148000,-0.020706117804507373,-2.660003662109375,253.30428423200334
AAPL,2026-04-08,258.45001220703125,259.75,256.5299987792969,258.8999938964844,258.66168212890625,41032800,0.02130175107094434,0.449981689453125,254.74714006696428
AAPL,2026-04-09,259.0,261.1199951171875,256.07000732421875,260.489990234375,260.2502136230469,28121600,0.006141353323192211,1.489990234375,256.72713797433033
AAPL,2026-04-10,259.9800109863281,262.19000244140625,259.0199890136719,260.4800109863281,260.240234375,31291500,-3.8309525974056235e-05,0.5,257.68285478864397
AAPL,2026-04-13,259.7300109863281,260.17999267578125,256.6600036621094,259.20001220703125,258.96142578125,36234700,-0.004914000020385667,-0.529998779296875,258.19285583496094
AAPL,2026-04-14,259.25,261.92999267578125,257.19000244140625,258.8299865722656,258.59173583984375,48370700,-0.001427567968129817,-0.420013427734375,258.6085684640067
AAPL,2026-04-15,258.1600036621094,266.55999755859375,257.80999755859375,266.42999267578125,266.18475341796875,49913500,0.029362927395561567,8.269989013671875,259.6899980817522
AAPL,2026-04-16,266.79998779296875,267.1600036621094,261.2699890136719,263.3999938964844,263.15753173828125,43323100,-0.011372588907376024,-3.399993896484375,261.10428292410717
AAPL,2026-04-17,266.9599914550781,272.29998779296875,266.7200012207031,270.2300109863281,269.98126220703125,61436200,0.025930209749845057,3.27001953125,262.7228567940848
AAPL,2026-04-20,270.3299865722656,274.2799987792969,270.2900085449219,273.04998779296875,272.79864501953125,36590200,0.010435468645202839,2.720001220703125,264.5171421595982
AAPL,2026-04-21,271.5,272.79998779296875,265.3999938964844,266.1700134277344,265.9250183105469,50209800,-0.025196757637106715,-5.329986572265625,265.3299996512277
AAPL,2026-04-22,267.82000732421875,273.739990234375,266.8699951171875,273.1700134277344,272.9185791015625,43249200,0.026298980526972437,5.350006103515625,267.3257141113281
AAPL,2026-04-23,275.04998779296875,275.7699890136719,271.6499938964844,273.42999267578125,273.1783142089844,33399600,0.0009517122497622044,-1.6199951171875,269.4114292689732
AAPL,2026-04-24,272.760009765625,273.05999755859375,269.6499938964844,271.05999755859375,270.81048583984375,38157100,-0.008667648687676,-1.70001220703125,270.07285853794644
AAPL,2026-04-27,266.0899963378906,268.3599853515625,265.07000732421875,267.6099853515625,267.3636474609375,41466800,-0.012727854490168666,1.519989013671875,270.6742858886719
AAPL,2026-04-28,272.3399963378906,273.2300109863281,268.6600036621094,270.7099914550781,270.4608154296875,40018900,0.011584044965448959,-1.6300048828125,270.7428545270647
AAPL,2026-04-29,267.54998779296875,271.0400085449219,267.0400085449219,270.1700134277344,269.92132568359375,30047900,-0.0019946734305643643,2.620025634765625,270.3314296177455
AAPL,2026-04-30,270.5,276.0,268.1400146484375,271.3500061035156,271.1002502441406,91848200,0.004367593060422559,0.850006103515625,271.07142857142856
AAPL,2026-05-01,278.8599853515625,287.2200012207031,278.3699951171875,280.1400146484375,279.88214111328125,79915400,0.032393618379240596,1.280029296875,272.06714303152904
AAPL,2026-05-04,279.6600036621094,280.6300048828125,274.8599853515625,276.8299865722656,276.5751647949219,46668400,-0.011815620415119188,-2.83001708984375,272.5528564453125
AAPL,2026-05-05,276.92999267578125,284.57000732421875,276.5,284.17999267578125,283.9184265136719,49311700,0.026550613950909296,7.25,274.42714146205356
AAPL,2026-05-06,281.9200134277344,288.0299987792969,281.07000732421875,287.510009765625,287.245361328125,58336100,0.01171798569803939,5.589996337890625,277.27000209263394
AAPL,2026-05-07,289.2699890136719,292.1300048828125,285.7799987792969,287.44000244140625,287.1754150390625,45224300,-0.00024349525874178823,-1.829986572265625,279.6600036621094
AAPL,2026-05-08,290.010009765625,294.760009765625,290.0,293.32000732421875,293.0500183105469,52692800,0.02045645989726541,3.30999755859375,282.96714564732144
AAPL,2026-05-11,291.9800109863281,293.8800048828125,290.2300109863281,292.67999267578125,292.67999267578125,42247300,-0.0021819672455212213,0.699981689453125,286.01428658621654
AAPL,2026-05-12,292.55999755859375,295.2699890136719,292.55999755859375,294.79998779296875,294.79998779296875,45748100,0.007243389265544797,2.239990234375,288.1085684640067
AAPL,2026-05-13,293.5,300.9200134277344,293.5,298.8699951171875,298.8699951171875,52684300,0.013805995565634221,5.3699951171875,291.25714111328125
AAPL,2026-05-14,299.82000732421875,300.45001220703125,295.3800048828125,298.2099914550781,298.2099914550781,35263400,-0.00220833028705536,-1.610015869140625,293.2614266531808
AMZN,2025-05-15,206.4499969482422,206.8800048828125,202.6699981689453,205.1699981689453,205.1699981689453,64347300,,-1.279998779296875,
AMZN,2025-05-16,206.85000610351562,206.85000610351562,204.3699951171875,205.58999633789062,205.58999633789062,43318500,0.002047074000553817,-1.260009765625,
AMZN,2025-05-19,201.64999389648438,206.6199951171875,201.25999450683594,206.16000366210938,206.16000366210938,34314800,0.0027725440652370814,4.510009765625,
AMZN,2025-05-20,204.6300048828125,205.58999633789062,202.64999389648438,204.07000732421875,204.07000732421875,29470400,-0.010137739138364021,-0.55999755859375,
AMZN,2025-05-21,201.61000061035156,203.4600067138672,200.05999755859375,201.1199951171875,201.1199951171875,42460900,-0.014455883280997672,-0.4900054931640625,
AMZN,2025-05-22,201.3800048828125,205.75999450683594,200.16000366210938,203.10000610351562,203.10000610351562,38938900,0.00984492359983613,1.720001220703125,
AMZN,2025-05-23,198.89999389648438,202.3699951171875,197.85000610351562,200.99000549316406,200.99000549316406,33393500,-0.010388973643241206,2.0900115966796875,203.74285888671875
AMZN,2025-05-27,203.08999633789062,206.69000244140625,202.19000244140625,206.02000427246094,206.02000427246094,34892000,0.025026113945093353,2.9300079345703125,203.86428833007812
AMZN,2025-05-28,205.9199981689453,207.66000366210938,204.41000366210938,204.72000122070312,204.72000122070312,28549800,-0.006310081665849121,-1.1999969482421875,203.74000331333704
AMZN,2025-05-29,208.02999877929688,208.80999755859375,204.22999572753906,205.6999969482422,205.6999969482422,34650000,0.004787005283780621,-2.3300018310546875,203.6742880684989
AMZN,2025-05-30,204.83999633789062,205.99000549316406,201.6999969482422,205.00999450683594,205.00999450683594,51679400,-0.0033544115296213484,0.1699981689453125,203.8085719517299
AMZN,2025-06-02,204.97999572753906,207.0,202.67999267578125,206.64999389648438,206.64999389648438,29113300,0.007999607012299847,1.6699981689453125,204.59857177734375
AMZN,2025-06-03,207.11000061035156,208.9499969482422,205.02999877929688,205.7100067138672,205.7100067138672,33139100,-0.004548692041520419,-1.399993896484375,204.97142900739397
AMZN,2025-06-04,206.5500030517578,208.17999267578125,205.17999267578125,207.22999572753906,207.22999572753906,29915600,0.007388989179248462,0.67999267578125,205.86285618373327
AMZN,2025-06-05,209.5500030517578,212.80999755859375,207.55999755859375,207.91000366210938,207.91000366210938,51864200,0.0032814165352026414,-1.6399993896484375,206.13285609654017
AMZN,2025-06-06,212.39999389648438,213.8699951171875,210.5,213.57000732421875,213.57000732421875,39832500,0.027223334916139486,1.170013427734375,207.3971426827567
AMZN,2025-06-09,214.75,217.85000610351562,212.8800048828125,216.97999572753906,216.97999572753906,38102500,0.015966607137600786,2.2299957275390625,209.0085710797991
AMZN,2025-06-10,216.77999877929688,217.69000244140625,214.14999389648438,217.61000061035156,217.61000061035156,31303300,0.0029035159702168745,0.8300018310546875,210.8085719517299
AMZN,2025-06-11,217.41000366210938,218.39999389648438,212.88999938964844,213.1999969482422,213.1999969482422,39326000,-0.020265629565462184,-4.2100067138671875,211.7442866734096
AMZN,2025-06-12,211.77999877929688,213.5800018310547,211.3300018310547,213.24000549316406,213.24000549316406,27640000,0.00018765734284498237,1.4600067138671875,212.82000078473772
AMZN,2025-06-13,209.9600067138672,214.0500030517578,209.6199951171875,212.10000610351562,212.10000610351562,29337800,-0.0053460859139069505,2.1399993896484375,213.51571655273438
AMZN,2025-06-16,212.30999755859375,217.05999755859375,211.60000610351562,216.10000610351562,216.10000610351562,33284200,0.018859028217320217,3.790008544921875,214.6857169015067
AMZN,2025-06-17,215.1999969482422,217.41000366210938,214.55999755859375,214.82000732421875,214.82000732421875,32086300,-0.005923177895162723,-0.3799896240234375,214.86428833007812
AMZN,2025-06-18,215.08999633789062,217.9600067138672,212.33999633789062,212.52000427246094,212.52000427246094,44360500,-0.010706651956707725,-2.5699920654296875,214.2271466936384
AMZN,2025-06-20,214.67999267578125,214.88999938964844,208.27000427246094,209.69000244140625,209.69000244140625,75350700,-0.013316402099383007,-4.989990234375,213.09571838378906
AMZN,2025-06-23,209.7899932861328,210.38999938964844,207.30999755859375,208.47000122070312,208.47000122070312,37311700,-0.005818118205440093,-1.3199920654296875,212.42000470842635
AMZN,2025-06-24,212.13999938964844,214.33999633789062,211.0500030517578,212.77000427246094,212.77000427246094,38378800,0.02062648355436747,0.6300048828125,212.35286167689733
AMZN,2025-06-25,214.6199951171875,216.02999877929688,211.11000061035156,211.99000549316406,211.99000549316406,31755700,-0.0036659245365152637,-2.6299896240234375,212.33714730398995
AMZN,2025-06-26,213.1199951171875,218.0399932861328,212.00999450683594,217.1199951171875,217.1199951171875,50480800,0.024199205109171285,4.0,212.4828600202288
AMZN,2025-06-27,219.9199981689453,223.3000030517578,216.74000549316406,223.3000030517578,223.3000030517578,119217100,0.028463559660798277,3.3800048828125,213.6942879813058
AMZN,2025-06-30,223.52000427246094,223.82000732421875,219.1199951171875,219.38999938964844,219.38999938964844,58887800,-0.017510092291414314,-4.1300048828125,214.67571585518974
AMZN,2025-07-01,219.5,221.8800048828125,217.92999267578125,220.4600067138672,220.4600067138672,39256800,0.00487719279454657,0.9600067138671875,216.21428789411272
AMZN,2025-07-02,219.72999572753906,221.60000610351562,219.05999755859375,219.9199981689453,219.9199981689453,30894200,-0.002449462616694653,0.19000244140625,217.8500017438616
AMZN,2025-07-03,221.82000732421875,224.00999450683594,221.36000061035156,223.41000366210938,223.41000366210938,29632400,0.015869432167251007,1.589996337890625,219.37000165666853
AMZN,2025-07-07,223.0,224.2899932861328,222.3699951171875,223.47000122070312,223.47000122070312,36604100,0.0002685535903059755,0.470001220703125,221.01000104631697
AMZN,2025-07-08,223.9199981689453,224.0,218.42999267578125,219.36000061035156,219.36000061035156,45692000,-0.018391733064396676,-4.55999755859375,221.3300018310547
AMZN,2025-07-09,221.07000732421875,224.2899932861328,220.47000122070312,222.5399932861328,222.5399932861328,38155100,0.014496684294917905,1.4699859619140625,221.22142900739397
AMZN,2025-07-10,221.5500030517578,222.7899932861328,219.6999969482422,222.25999450683594,222.25999450683594,30370600,-0.0012581953255335065,0.709991455078125,221.63142830984933
AMZN,2025-07-11,223.5800018310547,226.67999267578125,222.3699951171875,225.02000427246094,225.02000427246094,50518300,0.012417933203629827,1.44000244140625,222.28285653250558
AMZN,2025-07-14,225.07000732421875,226.66000366210938,224.24000549316406,225.69000244140625,225.69000244140625,35702600,0.0029775049161142597,0.6199951171875,223.10714285714286
AMZN,2025-07-15,226.1999969482422,227.27000427246094,225.4600067138672,226.35000610351562,226.35000610351562,34907300,0.0029243814744550622,0.1500091552734375,223.52714320591517
AMZN,2025-07-16,225.8800048828125,226.10000610351562,222.17999267578125,223.19000244140625,223.19000244140625,39535900,-0.013960696164789232,-2.69000244140625,223.48714338030135
AMZN,2025-07-17,223.32000732421875,224.5,222.50999450683594,223.8800048828125,223.8800048828125,31855800,0.0030915472640284936,0.55999755859375,224.1328582763672
AMZN,2025-07-18,225.13999938964844,226.39999389648438,222.97999572753906,226.1300048828125,226.1300048828125,37833800,0.010050026580880944,0.9900054931640625,224.64571707589286
AMZN,2025-07-21,225.83999633789062,229.69000244140625,225.64999389648438,229.3000030517578,229.3000030517578,40297600,0.014018476542235536,3.4600067138671875,225.65143258231026
AMZN,2025-07-22,229.67999267578125,230.0,226.35000610351562,227.47000122070312,227.47000122070312,37483700,-0.007980819043607368,-2.209991455078125,226.00143214634485
AMZN,2025-07-23,228.47000122070312,228.7899932861328,227.08999633789062,228.2899932861328,228.2899932861328,28294900,0.003604836070819184,-0.1800079345703125,226.37285940987724
AMZN,2025-07-24,229.1699981689453,236.0,228.63999938964844,232.22999572753906,232.22999572753906,42902300,0.01725876103762447,3.05999755859375,227.21285792759485
AMZN,2025-07-25,232.22000122070312,232.47999572753906,231.17999267578125,231.44000244140625,231.44000244140625,28712100,-0.00340177109187767,-0.779998779296875,228.3914293561663
AMZN,2025-07-28,233.35000610351562,234.2899932861328,232.25,232.7899932861328,232.7899932861328,26300100,0.005833005662313484,-0.5600128173828125,229.6642848423549
AMZN,2025-07-29,234.14999389648438,234.72000122070312,230.30999755859375,231.00999450683594,231.00999450683594,33716200,-0.007646371539299812,-3.1399993896484375,230.3614262172154
AMZN,2025-07-30,231.63999938964844,231.8000030517578,229.2899932861328,230.19000244140625,230.19000244140625,32993300,-0.003549595623255297,-1.4499969482421875,230.48856898716517
AMZN,2025-07-31,235.77000427246094,236.52999877929688,231.39999389648438,234.11000061035156,234.11000061035156,104357300,0.017029402351838252,-1.660003662109375,231.43714032854353
AMZN,2025-08-01,217.2100067138672,220.44000244140625,212.8000030517578,214.75,214.75,122258800,-0.08269617085933034,-2.4600067138671875,229.5028555733817
AMZN,2025-08-04,217.39999389648438,217.44000244140625,211.4199981689453,211.64999389648438,211.64999389648438,77890100,-0.01443541840985152,-5.75,226.56285531180245
AMZN,2025-08-05,213.0500030517578,216.3000030517578,212.8699951171875,213.75,213.75,51505100,0.009922070229506863,0.6999969482421875,224.03571210588728
AMZN,2025-08-06,214.6999969482422,222.64999389648438,213.74000549316406,222.30999755859375,222.30999755859375,54823000,0.04004677220394748,7.6100006103515625,222.538569859096
AMZN,2025-08-07,221.0,226.22000122070312,220.82000732421875,223.1300048828125,223.1300048828125,40603500,0.0036885760119835798,2.1300048828125,221.41285705566406
AMZN,2025-08-08,223.13999938964844,223.8000030517578,221.8800048828125,222.69000244140625,222.69000244140625,32970500,-0.001971955504762035,-0.4499969482421875,220.34142848423548
AMZN,2025-08-11,221.77999877929688,223.0500030517578,220.39999389648438,221.3000030517578,221.3000030517578,31646200,-0.006241858073597895,-0.4799957275390625,218.5114288330078
AMZN,2025-08-12,222.22999572753906,223.5,219.0500030517578,221.47000122070312,221.47000122070312,37185800,0.0007681796954406295,-0.7599945068359375,219.47142900739397
AMZN,2025-08-13,222.0,224.9199981689453,222.0,224.55999755859375,224.55999755859375,36508300,0.01395221168040428,2.55999755859375,221.31571524483817
AMZN,2025-08-14,227.39999389648438,233.11000061035156,227.02000427246094,230.97999572753906,230.97999572753906,61545800,0.02858923333961183,3.5800018310546875,223.77714320591517
AMZN,2025-08-15,232.5800018310547,234.0800018310547,229.80999755859375,231.02999877929688,231.02999877929688,39649200,0.00021648217457226338,-1.5500030517578125,225.02285766601562
AMZN,2025-08-18,230.22999572753906,231.91000366210938,228.3300018310547,231.49000549316406,231.49000549316406,25248900,0.0019911124801876845,1.260009765625,226.21714346749442
AMZN,2025-08-19,230.08999633789062,230.52999877929688,227.1199951171875,228.00999450683594,228.00999450683594,29891000,-0.01503309388634011,-2.0800018310546875,226.97714233398438
AMZN,2025-08-20,227.1199951171875,227.27000427246094,220.9199981689453,223.80999755859375,223.80999755859375,36604300,-0.01842023178556884,-3.30999755859375,227.33571297781808
AMZN,2025-08-21,222.64999389648438,222.77999877929688,220.5,221.9499969482422,221.9499969482422,32140500,-0.008310623433453235,-0.6999969482421875,227.40428379603796
AMZN,2025-08-22,222.7899932861328,229.13999938964844,220.82000732421875,228.83999633789062,228.83999633789062,37315300,0.031043025385826706,6.0500030517578125,228.01571219308036
AMZN,2025-08-25,227.35000610351562,229.60000610351562,227.30999755859375,227.94000244140625,227.94000244140625,22633700,-0.003932852258726194,0.589996337890625,227.58142743791853
AMZN,2025-08-26,227.11000061035156,229.0,226.02000427246094,228.7100067138672,228.7100067138672,26105400,0.0033781006590050122,1.600006103515625,227.25
AMZN,2025-08-27,228.57000732421875,229.8699951171875,227.80999755859375,229.1199951171875,229.1199951171875,21254500,0.0017926124405795996,0.54998779296875,226.9114270891462
AMZN,2025-08-28,229.00999450683594,232.7100067138672,228.02000427246094,231.60000610351562,231.60000610351562,33679600,0.0108240705271474,2.5900115966796875,227.42428588867188
AMZN,2025-08-29,231.32000732421875,231.80999755859375,228.16000366210938,229.0,229.0,26199200,-0.011226278216735164,-2.32000732421875,228.16571480887276
AMZN,2025-09-02,223.52000427246094,226.1699981689453,221.8300018310547,225.33999633789062,225.33999633789062,38843900,-0.015982548742835667,1.8199920654296875,228.6500004359654
AMZN,2025-09-03,225.2100067138672,227.1699981689453,224.36000061035156,225.99000549316406,225.99000549316406,29223100,0.0028845707190781056,0.779998779296875,228.24285888671875
AMZN,2025-09-04,231.19000244140625,235.77000427246094,230.77999877929688,235.67999267578125,235.67999267578125,59391800,0.042877945692648245,4.489990234375,229.34857177734375
AMZN,2025-09-05,235.19000244140625,236.0,231.92999267578125,232.3300018310547,232.3300018310547,36721800,-0.014214150326010255,-2.8600006103515625,229.86571393694197
AMZN,2025-09-08,234.94000244140625,237.60000610351562,233.75,235.83999633789062,235.83999633789062,33947100,0.015107797009308976,0.899993896484375,230.82571411132812
AMZN,2025-09-09,236.36000061035156,238.85000610351562,235.0800018310547,238.24000549316406,238.24000549316406,27033800,0.010176429751274751,1.8800048828125,231.77428545270647
AMZN,2025-09-10,237.52000427246094,237.67999267578125,229.10000610351562,230.3300018310547,230.3300018310547,60907700,-0.03320182790348514,-7.19000244140625,231.96428571428572
AMZN,2025-09-11,231.49000549316406,231.52999877929688,229.33999633789062,229.9499969482422,229.9499969482422,37485600,-0.0016498279850283293,-1.540008544921875,232.62285723005022
AMZN,2025-09-12,230.35000610351562,230.7899932861328,226.2899932861328,228.14999389648438,228.14999389648438,38496200,-0.007827802024989672,-2.20001220703125,232.93142700195312
AMZN,2025-09-15,230.6300048828125,233.72999572753906,230.32000732421875,231.42999267578125,231.42999267578125,33243300,0.014376501718361023,0.79998779296875,232.32428414481026
AMZN,2025-09-16,232.94000244140625,235.89999389648438,232.22999572753906,234.0500030517578,234.0500030517578,38203900,0.011320962964584513,1.1100006103515625,232.56999860491072
AMZN,2025-09-17,233.77000427246094,234.3000030517578,228.7100067138672,231.6199951171875,231.6199951171875,42815200,-0.010382430689534927,-2.1500091552734375,231.9671412876674
AMZN,2025-09-18,232.5,233.47999572753906,228.7899932861328,231.22999572753906,231.22999572753906,37931700,-0.0016837898189709932,-1.2700042724609375,230.96571132114954
AMZN,2025-09-19,232.3699951171875,234.16000366210938,229.6999969482422,231.47999572753906,231.47999572753906,97943200,0.0010811746080494622,-0.8899993896484375,231.12999616350447
AMZN,2025-09-22,230.55999755859375,230.57000732421875,227.50999450683594,227.6300048828125,227.6300048828125,45914500,-0.016632067201427403,-2.92999267578125,230.79856872558594
AMZN,2025-09-23,227.8300018310547,227.86000061035156,220.07000732421875,220.7100067138672,220.7100067138672,70956200,-0.030400202172415014,-7.1199951171875,229.7357134137835
AMZN,2025-09-24,224.14999389648438,224.55999755859375,219.4499969482422,220.2100067138672,220.2100067138672,49509000,-0.0022654160880354324,-3.9399871826171875,228.1328582763672
AMZN,2025-09-25,220.05999755859375,220.6699981689453,216.47000122070312,218.14999389648438,218.14999389648438,52226300,-0.00935476479077324,-1.910003662109375,225.8614283970424
AMZN,2025-09-26,219.0800018310547,221.0500030517578,218.02000427246094,219.77999877929688,219.77999877929688,41650100,0.007471945580644679,0.6999969482421875,224.17000034877233
AMZN,2025-09-29,220.0800018310547,222.60000610351562,219.3000030517578,222.1699981689453,222.1699981689453,44259200,0.01087450815780766,2.089996337890625,222.87571498325892
AMZN,2025-09-30,222.02999877929688,222.24000549316406,217.88999938964844,219.57000732421875,219.57000732421875,48396400,-0.011702709034319914,-2.459991455078125,221.1742880684989
AMZN,2025-10-01,217.36000061035156,222.14999389648438,216.61000061035156,220.6300048828125,220.6300048828125,43933800,0.004827606336181178,3.2700042724609375,220.1742880684989
AMZN,2025-10-02,221.00999450683594,222.80999755859375,218.9499969482422,222.41000366210938,222.41000366210938,41258600,0.008067800117406154,1.4000091552734375,220.41714477539062
AMZN,2025-10-03,223.44000244140625,224.1999969482422,219.33999633789062,219.50999450683594,219.50999450683594,43639000,-0.013039023009411066,-3.9300079345703125,220.317143031529
AMZN,2025-10-06,221.0,221.72999572753906,216.02999877929688,220.89999389648438,220.89999389648438,43690900,0.00633228292302257,-0.100006103515625,220.71000017438615
AMZN,2025-10-07,220.8800048828125,222.88999938964844,220.1699981689453,221.77999877929688,221.77999877929688,31194700,0.003983725247293846,0.899993896484375,220.99571446010046
AMZN,2025-10-08,222.9199981689453,226.72999572753906,221.19000244140625,225.22000122070312,225.22000122070312,46686000,0.015510877718191152,2.3000030517578125,221.43142918178015
AMZN,2025-10-09,225.0,228.2100067138672,221.75,227.74000549316406,227.74000549316406,46412100,0.01118907849570383,2.7400054931640625,222.59857177734375
AMZN,2025-10-10,226.2100067138672,228.25,216.0,216.3699951171875,216.3699951171875,72367500,-0.049925397829666096,-9.840011596679688,221.98999895368303
AMZN,2025-10-13,217.6999969482422,220.67999267578125,217.0399932861328,220.07000732421875,220.07000732421875,37809700,0.017100394188331425,2.3700103759765625,221.6557137625558
AMZN,2025-10-14,215.55999755859375,219.32000732421875,212.60000610351562,216.38999938964844,216.38999938964844,45665600,-0.016721987604375044,0.8300018310546875,221.21000017438615
AMZN,2025-10-15,216.6199951171875,217.7100067138672,212.66000366210938,215.57000732421875,215.57000732421875,45909500,-0.003789417568938358,-1.04998779296875,220.44857352120536
AMZN,2025-10-16,215.6699981689453,218.58999633789062,212.80999755859375,214.47000122070312,214.47000122070312,42414600,-0.00510277898660183,-1.1999969482421875,219.40428815569197
AMZN,2025-10-17,214.55999755859375,214.8000030517578,211.02999877929688,213.0399932861328,213.0399932861328,45986900,-0.006667636156250767,-1.5200042724609375,217.66428702218192
AMZN,2025-10-20,213.8800048828125,216.69000244140625,213.58999633789062,216.47999572753906,216.47999572753906,38882800,0.016147214372026486,2.5999908447265625,216.0557141985212
AMZN,2025-10-21,218.42999267578125,223.32000732421875,217.99000549316406,222.02999877929688,222.02999877929688,50494600,0.025637486886977978,3.600006103515625,216.8642861502511
AMZN,2025-10-22,219.3000030517578,220.00999450683594,216.52000427246094,217.9499969482422,217.9499969482422,44308500,-0.018375903497213075,-1.350006103515625,216.5614275251116
AMZN,2025-10-23,219.0,221.3000030517578,218.17999267578125,221.08999633789062,221.08999633789062,31540000,0.014406971477930908,2.089996337890625,217.23285566057478
AMZN,2025-10-24,221.97000122070312,225.39999389648438,221.89999389648438,224.2100067138672,224.2100067138672,38685100,0.01411194729592502,2.2400054931640625,218.4671412876674
AMZN,2025-10-27,227.66000366210938,228.39999389648438,225.5399932861328,226.97000122070312,226.97000122070312,38267000,0.012309863182682124,-0.69000244140625,220.2528555733817
AMZN,2025-10-28,228.22000122070312,231.49000549316406,226.2100067138672,229.25,229.25,47100000,0.010045375014470892,1.029998779296875,222.56857081821985
AMZN,2025-10-29,231.6699981689453,232.82000732421875,227.75999450683594,230.3000030517578,230.3000030517578,52036200,0.0045801659836763875,-1.3699951171875,224.54285757882255
AMZN,2025-10-30,227.05999755859375,228.44000244140625,222.75,222.86000061035156,222.86000061035156,102252900,-0.03230569840563213,-4.1999969482421875,224.66142926897322
AMZN,2025-10-31,250.10000610351562,250.5,243.97999572753906,244.22000122070312,244.22000122070312,166340800,0.09584492754129248,-5.8800048828125,228.41428702218192
AMZN,2025-11-03,255.36000061035156,258.6000061035156,252.89999389648438,254.0,254.0,95997800,0.04004585509136338,-1.3600006103515625,233.11571611676897
AMZN,2025-11-04,250.3800048828125,257.010009765625,248.66000366210938,249.32000732421875,249.32000732421875,51546300,-0.018425168014886806,-1.05999755859375,236.7028590611049
AMZN,2025-11-05,249.02999877929688,251.0,246.16000366210938,250.1999969482422,250.1999969482422,40610700,0.0035295587926045258,1.1699981689453125,240.02142987932478
AMZN,2025-11-06,249.16000366210938,250.3800048828125,242.1699981689453,243.0399932861328,243.0399932861328,46004200,-0.028617121300727022,-6.1200103759765625,241.9914289202009
AMZN,2025-11-07,242.89999389648438,244.89999389648438,238.49000549316406,244.41000366210938,244.41000366210938,46374300,0.005636975040415049,1.510009765625,244.00714329310827
AMZN,2025-11-10,248.33999633789062,251.75,245.58999633789062,248.39999389648438,248.39999389648438,36476500,0.01632498741700883,0.05999755859375,247.6557137625558
AMZN,2025-11-11,248.41000366210938,249.75,247.22999572753906,249.10000610351562,249.10000610351562,23564100,0.0028180846386129943,0.69000244140625,248.3528573172433
AMZN,2025-11-12,250.24000549316406,250.3699951171875,243.75,244.1999969482422,244.1999969482422,31190100,-0.01967085120518708,-6.040008544921875,246.9528568812779
AMZN,2025-11-13,243.0500030517578,243.75,236.5,237.5800018310547,237.5800018310547,41401700,-0.027108907452568887,-5.470001220703125,245.27571323939733
AMZN,2025-11-14,235.05999755859375,238.72999572753906,232.88999938964844,234.69000244140625,234.69000244140625,38956700,-0.012164320933474637,-0.3699951171875,243.05999973842077
AMZN,2025-11-17,233.25,234.60000610351562,229.19000244140625,232.8699951171875,232.8699951171875,59919000,-0.007754941860691922,-0.3800048828125,241.60714285714286
AMZN,2025-11-18,228.10000610351562,230.1999969482422,222.4199981689453,222.5500030517578,222.5500030517578,60608400,-0.04431653833391602,-5.5500030517578125,238.48428562709265
AMZN,2025-11-19,223.74000549316406,223.74000549316406,218.52000427246094,222.69000244140625,222.69000244140625,58335600,0.0006290693674619874,-1.0500030517578125,234.8114297049386
AMZN,2025-11-20,227.0500030517578,227.41000366210938,216.74000549316406,217.13999938964844,217.13999938964844,50309000,-0.02492255148822009,-9.910003662109375,230.24571446010046
AMZN,2025-11-21,216.35000610351562,222.2100067138672,215.17999267578125,220.69000244140625,220.69000244140625,68490500,0.016348913427910006,4.339996337890625,226.88714381626673
AMZN,2025-11-24,222.55999755859375,227.3300018310547,222.27000427246094,226.27999877929688,226.27999877929688,54318400,0.02532963104830621,3.720001220703125,225.27285766601562
AMZN,2025-11-25,226.3800048828125,230.52000427246094,223.8000030517578,229.6699981689453,229.6699981689453,39379300,0.0149814363087164,3.2899932861328125,224.5557141985212
AMZN,2025-11-26,230.74000549316406,231.75,228.77000427246094,229.16000366210938,229.16000366210938,38497900,-0.0022205534501759105,-1.5800018310546875,224.02571541922433
AMZN,2025-11-28,231.24000549316406,233.2899932861328,230.22000122070312,233.22000122070312,233.22000122070312,20292300,0.01771686809963624,1.9799957275390625,225.5500008719308
AMZN,2025-12-01,233.22000122070312,235.8000030517578,232.25,233.8800048828125,233.8800048828125,42904000,0.0028299616613276513,0.660003662109375,227.14857264927454
AMZN,2025-12-02,235.00999450683594,238.97000122070312,233.5500030517578,234.4199981689453,234.4199981689453,45785400,0.0023088475921804186,-0.589996337890625,229.61714390345983
AMZN,2025-12-03,233.35000610351562,233.3800048828125,230.61000061035156,232.3800048828125,232.3800048828125,35495100,-0.008702300580441968,-0.970001220703125,231.28714425223214
AMZN,2025-12-04,232.77000427246094,233.5,226.8000030517578,229.11000061035156,229.11000061035156,45683200,-0.014071797072686909,-3.660003662109375,231.6914302280971
AMZN,2025-12-05,230.32000732421875,231.24000549316406,228.5500030517578,229.52999877929688,229.52999877929688,33117400,0.0018331725713693903,-0.790008544921875,231.67143031529017
AMZN,2025-12-08,229.58999633789062,230.8300018310547,226.27000427246094,226.88999938964844,226.88999938964844,35019200,-0.011501761877265149,-2.6999969482421875,231.3471439906529
AMZN,2025-12-09,226.83999633789062,228.57000732421875,225.11000061035156,227.9199981689453,227.9199981689453,25841700,0.004539639393836836,1.0800018310546875,230.59000069754464
AMZN,2025-12-10,228.80999755859375,232.4199981689453,228.4600067138672,231.77999877929688,231.77999877929688,38790700,0.016935769749744978,2.970001220703125,230.28999982561385
AMZN,2025-12-11,230.7100067138672,232.11000061035156,228.69000244140625,230.27999877929688,230.27999877929688,28249600,-0.006471654188885845,-0.4300079345703125,229.69857134137834
AMZN,2025-12-12,229.8699951171875,230.0800018310547,225.1199951171875,226.19000244140625,226.19000244140625,35639100,-0.017760970816273702,-3.67999267578125,228.8142852783203
AMZN,2025-12-15,227.92999267578125,227.92999267578125,221.5,222.5399932861328,222.5399932861328,47286100,-0.01613691637948922,-5.3899993896484375,227.87571280343192
AMZN,2025-12-16,223.0399932861328,223.66000366210938,221.1300048828125,222.55999755859375,222.55999755859375,39298900,8.989068511033871e-05,-0.4799957275390625,226.87999834333147
AMZN,2025-12-17,224.66000366210938,225.19000244140625,220.99000549316406,221.27000427246094,221.27000427246094,44034400,-0.005796159688549518,-3.3899993896484375,226.07714189801897
AMZN,2025-12-18,225.7100067138672,229.22999572753906,224.41000366210938,226.75999450683594,226.75999450683594,50272400,0.024811271877659857,1.04998779296875,225.9114270891462
AMZN,2025-12-19,226.75999450683594,229.1300048828125,225.5800018310547,227.35000610351562,227.35000610351562,85544400,0.0026019210221046585,0.5900115966796875,225.27857099260603
AMZN,2025-12-22,228.61000061035156,229.47999572753906,226.7100067138672,228.42999267578125,228.42999267578125,32261300,0.00475032567966549,-0.1800079345703125,225.01428440638952
AMZN,2025-12-23,229.05999755859375,232.4499969482422,228.72999572753906,232.13999938964844,232.13999938964844,29230200,0.016241329216049705,3.0800018310546875,225.8642839704241
AMZN,2025-12-24,232.1300048828125,232.9499969482422,231.3300018310547,232.3800048828125,232.3800048828125,11420500,0.001033882544133169,0.25,227.26999991280692
AMZN,2025-12-26,232.0399932861328,232.99000549316406,231.17999267578125,232.52000427246094,232.52000427246094,15994700,0.000602458846315379,0.480010986328125,228.69285801478796
AMZN,2025-12-29,231.94000244140625,232.60000610351562,230.77000427246094,232.07000732421875,232.07000732421875,19797900,-0.0019353042317807878,0.1300048828125,230.23571559361048
AMZN,2025-12-30,231.2100067138672,232.77000427246094,230.1999969482422,232.52999877929688,232.52999877929688,21910500,0.001982123671998126,1.3199920654296875,231.06000191824776
AMZN,2025-12-31,232.91000366210938,232.99000549316406,230.1199951171875,230.82000732421875,230.82000732421875,24383700,-0.0073538531116630335,-2.089996337890625,231.55571637834822
AMZN,2026-01-02,231.33999633789062,235.4600067138672,224.6999969482422,226.5,226.5,51456200,-0.018715913643268745,-4.839996337890625,231.2800031389509
AMZN,2026-01-05,228.83999633789062,234.0,227.17999267578125,233.05999755859375,233.05999755859375,49733300,0.028962461627345393,4.220001220703125,231.41143144880022
AMZN,2026-01-06,232.10000610351562,243.17999267578125,232.07000732421875,240.92999267578125,240.92999267578125,53764700,0.033768107781812384,8.829986572265625,232.6328582763672
AMZN,2026-01-07,239.61000061035156,245.2899932861328,239.52000427246094,241.55999755859375,241.55999755859375,42236500,0.0026148877348795008,1.9499969482421875,233.92428588867188
AMZN,2026-01-08,243.05999755859375,246.41000366210938,241.8800048828125,246.2899932861328,246.2899932861328,39509800,0.019581038977249277,3.2299957275390625,235.9557124546596
AMZN,2026-01-09,244.57000732421875,247.86000061035156,242.24000549316406,247.3800048828125,247.3800048828125,34560000,0.004425724253495522,2.80999755859375,238.07714189801897
AMZN,2026-01-12,246.72999572753906,248.94000244140625,245.9600067138672,246.47000122070312,246.47000122070312,35867800,-0.003678565947722645,-0.2599945068359375,240.31285531180245
AMZN,2026-01-13,246.52999877929688,247.66000366210938,240.25,242.60000610351562,242.60000610351562,38371800,-0.0157016882298876,-3.92999267578125,242.61285618373327
AMZN,2026-01-14,241.14999389648438,241.27999877929688,236.22000122070312,236.64999389648438,236.64999389648438,41410600,-0.024526018373191683,-4.5,243.12571280343192
AMZN,2026-01-15,239.30999755859375,240.64999389648438,236.6300048828125,238.17999267578125,238.17999267578125,43003600,0.006465239039753046,-1.1300048828125,242.73285566057478
AMZN,2026-01-16,239.08999633789062,239.57000732421875,236.41000366210938,239.1199951171875,239.1199951171875,45888300,0.0039466053837939885,0.029998779296875,242.38428388323103
AMZN,2026-01-20,233.75999450683594,235.08999633789062,229.33999633789062,231.0,231.0,47737900,-0.033957825706746436,-2.7599945068359375,240.1999991280692
AMZN,2026-01-21,231.08999633789062,232.3000030517578,226.8800048828125,231.30999755859375,231.30999755859375,47276100,0.001341980773133189,0.220001220703125,237.90428379603796
AMZN,2026-01-22,234.0500030517578,235.72000122070312,230.89999389648438,234.33999633789062,234.33999633789062,31913300,0.01309929882528893,0.2899932861328125,236.17142595563615
AMZN,2026-01-23,234.9600067138672,240.4499969482422,234.57000732421875,239.16000366210938,239.16000366210938,33778500,0.020568436457892858,4.1999969482421875,235.67999703543526
AMZN,2026-01-26,239.97999572753906,240.9499969482422,237.5399932861328,238.4199981689453,238.4199981689453,32825500,-0.003094185824689788,-1.55999755859375,235.93285478864397
AMZN,2026-01-27,239.69000244140625,244.8800048828125,238.0800018310547,244.67999267578125,244.67999267578125,38029200,0.026256163723313408,4.989990234375,236.8614262172154
AMZN,2026-01-28,246.3699951171875,247.77999877929688,241.52999877929688,243.00999450683594,243.00999450683594,40882700,-0.0068252338521122,-3.3600006103515625,237.4171404157366
AMZN,2026-01-29,242.82000732421875,243.0,236.74000549316406,241.72999572753906,241.72999572753906,47229600,-0.005267268047532414,-1.0900115966796875,238.9499969482422
AMZN,2026-01-30,239.88999938964844,243.32000732421875,237.63999938964844,239.3000030517578,239.3000030517578,46585000,-0.010052507834071855,-0.589996337890625,240.0914263044085
AMZN,2026-02-02,238.30999755859375,245.6300048828125,238.1699981689453,242.9600067138672,242.9600067138672,37546100,0.015294624385431943,4.6500091552734375,241.32285635811942
AMZN,2026-02-03,244.97999572753906,246.35000610351562,235.4499969482422,238.6199951171875,238.6199951171875,53831300,-0.017863069956986388,-6.3600006103515625,241.24571228027344
AMZN,2026-02-04,238.86000061035156,238.86000061035156,231.82000732421875,232.99000549316406,232.99000549316406,51299900,-0.023593955826118118,-5.8699951171875,240.4699990408761
AMZN,2026-02-05,224.91000366210938,226.30999755859375,220.3800048828125,222.69000244140625,222.69000244140625,103509200,-0.04420791797466184,-2.220001220703125,237.32857186453683
AMZN,2026-02-06,202.6999969482422,211.44000244140625,200.30999755859375,210.32000732421875,210.32000732421875,179210900,-0.05554804877440456,7.6200103759765625,232.6585736955915
AMZN,2026-02-09,208.97000122070312,212.80999755859375,203.35000610351562,208.72000122070312,208.72000122070312,91178400,-0.00760748406141476,-0.25,227.94286019461495
AMZN,2026-02-10,208.8000030517578,212.64999389648438,206.41000366210938,206.9600067138672,206.9600067138672,67175000,-0.008432323191560842,-1.839996337890625,223.32286071777344
AMZN,2026-02-11,208.05999755859375,208.57000732421875,202.49000549316406,204.0800018310547,204.0800018310547,65545500,-0.013915755650289796,-3.9799957275390625,217.76857430594308
AMZN,2026-02-12,203.9600067138672,203.9600067138672,197.55999755859375,199.60000610351562,199.60000610351562,83975400,-0.021952154485218922,-4.3600006103515625,212.1942901611328
AMZN,2026-02-13,198.8800048828125,201.16000366210938,197.27999877929688,198.7899932861328,198.7899932861328,66321600,-0.004058180323715632,-0.0900115966796875,207.30857413155692
AMZN,2026-02-17,198.1300048828125,201.74000549316406,196.0,201.14999389648438,201.14999389648438,69879200,0.011871828009746066,3.019989013671875,204.23143005371094
AMZN,2026-02-18,202.07000732421875,206.86000061035156,201.50999450683594,204.7899932861328,204.7899932861328,51003300,0.018095945812067304,2.7199859619140625,203.4414280482701
AMZN,2026-02-19,203.8000030517578,205.63999938964844,202.80999755859375,204.86000061035156,204.86000061035156,35669600,0.00034184934085601526,1.05999755859375,202.88999938964844
AMZN,2026-02-20,204.75999450683594,211.1699981689453,203.75,210.11000061035156,210.11000061035156,65881600,0.025627257563010764,5.350006103515625,203.33999851771765
AMZN,2026-02-23,208.10000610351562,208.42999267578125,203.11000061035156,205.27000427246094,205.27000427246094,53581500,-0.023035535309270605,-2.8300018310546875,203.50999886648995
AMZN,2026-02-24,205.47000122070312,210.36000061035156,203.25,208.55999755859375,208.55999755859375,41137200,0.016027637831418806,3.089996337890625,204.78999764578683
AMZN,2026-02-25,210.4600067138672,211.58999633789062,208.92999267578125,210.63999938964844,210.63999938964844,41346400,0.00997315810991184,0.17999267578125,206.48285566057478
AMZN,2026-02-26,210.72999572753906,211.0500030517578,205.35000610351562,207.9199981689453,207.9199981689453,47756800,-0.012913032798065993,-2.80999755859375,207.4499991280692
AMZN,2026-02-27,206.8300018310547,210.3300018310547,205.1999969482422,210.0,210.0,57422800,0.01000385652833935,3.1699981689453125,208.1942858014788
AMZN,2026-03-02,204.5500030517578,209.72999572753906,203.4600067138672,208.38999938964844,208.38999938964844,46001000,-0.007666669573102691,3.839996337890625,208.69857134137834
AMZN,2026-03-03,203.10000610351562,209.17999267578125,202.47999572753906,208.72999572753906,208.72999572753906,43184900,0.0016315386481426941,5.6299896240234375,208.50142778669084
AMZN,2026-03-04,210.47000122070312,217.5399932861328,210.14999389648438,216.82000732421875,216.82000732421875,54731100,0.03875826073047883,6.350006103515625,210.15142822265625
AMZN,2026-03-05,215.97999572753906,220.47000122070312,215.58999633789062,218.94000244140625,218.94000244140625,60943400,0.009777672934109694,2.9600067138671875,211.63428606305803
AMZN,2026-03-06,214.99000549316406,217.32000732421875,212.52999877929688,213.2100067138672,213.2100067138672,51152700,-0.026171534044230005,-1.779998779296875,212.00142996651786
AMZN,2026-03-09,210.4499969482422,213.82000732421875,207.11000061035156,213.49000549316406,213.49000549316406,54642900,0.0013132534612816382,3.040008544921875,212.7971452985491
AMZN,2026-03-10,214.19000244140625,215.64999389648438,212.42999267578125,214.3300018310547,214.3300018310547,35678800,0.00393459326562029,0.1399993896484375,213.41571698869978
AMZN,2026-03-11,215.7100067138672,217.0,211.35000610351562,212.64999389648438,212.64999389648438,34199300,-0.007838417021498345,-3.0600128173828125,214.0242876325335
AMZN,2026-03-12,210.38999938964844,211.7100067138672,208.14999389648438,209.52999877929688,209.52999877929688,44349500,-0.014671973697334195,-0.8600006103515625,214.1385737827846
AMZN,2026-03-13,209.61000061035156,210.55999755859375,206.22000122070312,207.6699981689453,207.6699981689453,35662100,-0.008877013416636048,-1.94000244140625,212.83142961774553
AMZN,2026-03-16,208.35000610351562,212.72000122070312,207.4499969482422,211.74000549316406,211.74000549316406,42209300,0.0195984367511175,3.3899993896484375,211.80285862513952
AMZN,2026-03-17,212.82000732421875,215.6999969482422,212.42999267578125,215.1999969482422,215.1999969482422,44969900,0.016340754535353108,2.3799896240234375,212.08714294433594
AMZN,2026-03-18,213.92999267578125,215.13999938964844,208.8300018310547,209.8699951171875,209.8699951171875,37846600,-0.024767666852414494,-4.05999755859375,211.56999860491072
AMZN,2026-03-19,207.05999755859375,209.1199951171875,206.0500030517578,208.75999450683594,208.75999450683594,36440600,-0.005288991452693126,1.6999969482421875,210.77428327287947
AMZN,2026-03-20,207.39999389648438,207.5399932861328,204.32000732421875,205.3699951171875,205.3699951171875,63694600,-0.01623874055782004,-2.029998779296875,209.73428344726562
AMZN,2026-03-23,209.7899932861328,212.8000030517578,209.50999450683594,210.13999938964844,210.13999938964844,44277400,0.02322639327005427,0.350006103515625,209.82142639160156
AMZN,2026-03-24,207.9499969482422,209.35000610351562,206.63999938964844,207.24000549316406,207.24000549316406,35351400,-0.013800294588880768,-0.709991455078125,209.75999886648995
AMZN,2026-03-25,211.55999755859375,213.07000732421875,209.89999389648438,211.7100067138672,211.7100067138672,36388800,0.021569200454641724,0.1500091552734375,209.7557133265904
AMZN,2026-03-26,210.61000061035156,212.88999938964844,207.1199951171875,207.5399932861328,207.5399932861328,46746000,-0.019696817795534227,-3.07000732421875,208.6614270891462
AMZN,2026-03-27,206.4600067138672,206.60000610351562,199.13999938964844,199.33999633789062,199.33999633789062,56009800,-0.039510442389467326,-7.1200103759765625,207.15714154924666
AMZN,2026-03-30,201.47999572753906,203.8000030517578,199.97999572753906,200.9499969482422,200.9499969482422,46373800,0.008076656164990315,-0.529998779296875,206.0414276123047
AMZN,2026-03-31,204.85000610351562,210.27999877929688,204.13999938964844,208.27000427246094,208.27000427246094,58470100,0.03642700888472339,3.4199981689453125,206.4557146344866
AMZN,2026-04-01,210.44000244140625,213.5800018310547,208.19000244140625,210.57000732421875,210.57000732421875,45955400,0.011043371606930696,0.1300048828125,206.51714433942522
AMZN,2026-04-02,206.5399932861328,212.2100067138672,204.89999389648438,209.77000427246094,209.77000427246094,31453000,-0.0037992260242744047,3.230010986328125,206.87857273646765
AMZN,2026-04-06,209.8000030517578,212.9499969482422,209.58999633789062,212.7899932861328,212.7899932861328,25385500,0.014396667550949482,2.989990234375,207.03285653250558
AMZN,2026-04-07,211.24000549316406,213.97000122070312,209.0800018310547,213.77000427246094,213.77000427246094,28154600,0.00460553135602737,2.529998779296875,207.92285810198103
AMZN,2026-04-08,223.7899932861328,226.10000610351562,219.6199951171875,221.25,221.25,51092700,0.03499085736091123,-2.5399932861328125,211.05285862513952
AMZN,2026-04-09,225.22999572753906,233.8000030517578,223.27000427246094,233.64999389648438,233.64999389648438,65964200,0.056045170153601775,8.419998168945312,215.72428676060267
AMZN,2026-04-10,235.3000030517578,240.42999267578125,235.2100067138672,238.3800048828125,238.3800048828125,56912800,0.020244002182271403,3.0800018310546875,220.02571541922433
AMZN,2026-04-13,237.4499969482422,240.0,235.75,239.88999938964844,239.88999938964844,42166200,0.006334400855383171,2.44000244140625,224.21428571428572
AMZN,2026-04-14,241.77999877929688,252.17999267578125,241.77999877929688,249.02000427246094,249.02000427246094,72685000,0.038059130876826774,7.2400054931640625,229.82142857142858
AMZN,2026-04-15,249.25,250.44000244140625,247.1999969482422,248.5,248.5,43045200,-0.00208820280916866,-0.75,234.92285810198103
AMZN,2026-04-16,248.50999450683594,250.0,244.1999969482422,249.6999969482422,249.6999969482422,41895700,0.004828961562342915,1.19000244140625,240.0557141985212
AMZN,2026-04-17,254.99000549316406,256.17999267578125,250.11000061035156,250.55999755859375,250.55999755859375,52029300,0.003444135445984209,-4.4300079345703125,244.24285670689173
AMZN,2026-04-20,249.19000244140625,250.17999267578125,245.3699951171875,248.27999877929688,248.27999877929688,39463100,-0.009099612075002872,-0.910003662109375,246.3328574044364
AMZN,2026-04-21,255.08999633789062,255.08999633789062,249.10000610351562,249.91000366210938,249.91000366210938,42922400,0.0065651880571397925,-5.17999267578125,247.98000008719308
AMZN,2026-04-22,252.44000244140625,255.94000244140625,250.3300018310547,255.36000061035156,255.36000061035156,36065100,0.021807838295304194,2.9199981689453125,250.19000026157923
AMZN,2026-04-23,255.38999938964844,258.7900085449219,253.07000732421875,255.0800018310547,255.0800018310547,39091400,-0.001096486445127054,-0.30999755859375,251.0557141985212
AMZN,2026-04-24,259.9800109863281,264.5,257.69000244140625,263.989990234375,263.989990234375,53777400,0.03493017225717909,4.009979248046875,253.26856994628906
AMZN,2026-04-27,263.4599914550781,264.1499938964844,260.3399963378906,261.1199951171875,261.1199951171875,44906800,-0.010871605831113018,-2.339996337890625,254.8999982561384
AMZN,2026-04-28,258.3900146484375,261.0299987792969,256.6300048828125,259.70001220703125,259.70001220703125,42204400,-0.005438047398549362,1.30999755859375,256.2057146344866
AMZN,2026-04-29,257.989990234375,265.9100036621094,257.70001220703125,263.0400085449219,263.0400085449219,72367900,0.012860978748156615,5.050018310546875,258.3142874581473
AMZN,2026-04-30,273.1700134277344,273.8800048828125,256.1600036621094,265.05999755859375,265.05999755859375,100974900,0.0076793983730687465,-8.110015869140625,260.4785723005022
AMZN,2026-05-01,265.5799865722656,273.32000732421875,262.739990234375,268.260009765625,268.260009765625,50825200,0.012072784412985094,2.680023193359375,262.3214307512556
AMZN,2026-05-04,268.79998779296875,276.1000061035156,268.79998779296875,272.04998779296875,272.04998779296875,49083700,0.014128002271583506,3.25,264.74571446010043
AMZN,2026-05-05,276.0799865722656,278.55999755859375,272.3800048828125,273.54998779296875,273.54998779296875,41908500,0.005513692583370089,-2.529998779296875,266.1114283970424
AMZN,2026-05-06,272.8900146484375,277.79998779296875,272.2099914550781,274.989990234375,274.989990234375,44552000,0.005264129064761924,2.0999755859375,268.09285627092635
AMZN,2026-05-07,275.0199890136719,276.6300048828125,270.489990234375,271.1700134277344,271.1700134277344,35892900,-0.01389133038400725,-3.8499755859375,269.73142787388394
AMZN,2026-05-08,271.6300048828125,274.0,269.95001220703125,272.67999267578125,272.67999267578125,34732700,0.0055683857848436435,1.04998779296875,271.1085684640067
AMZN,2026-05-11,269.8399963378906,273.6300048828125,268.4800109863281,268.989990234375,268.989990234375,38176700,-0.013532354923427414,-0.850006103515625,271.6699959891183
AMZN,2026-05-12,266.7099914550781,267.6499938964844,262.6300048828125,265.82000732421875,265.82000732421875,36776200,-0.011784761609137218,-0.889984130859375,271.32142421177457
AMZN,2026-05-13,264.42999267578125,270.7200012207031,263.20001220703125,270.1300048828125,270.1300048828125,39670900,0.016213969753363422,5.70001220703125,271.0471409388951
AMZN,2026-05-14,269.1499938964844,270.7799987792969,266.6300048828125,267.2200012207031,267.2200012207031,31257000,-0.010772604336833247,-1.92999267578125,270.14285714285717
MSFT,2025-05-15,450.7699890136719,456.19000244140625,450.42999267578125,453.1300048828125,450.512939453125,21992300,,2.360015869140625,
MSFT,2025-05-16,452.04998779296875,454.3599853515625,448.7300109863281,454.2699890136719,451.6463317871094,23849800,0.0025157992597604206,2.220001220703125,
MSFT,2025-05-19,450.8800048828125,459.5899963378906,450.79998779296875,458.8699951171875,456.2197570800781,21336500,0.010126150119454946,7.989990234375,
MSFT,2025-05-20,455.5899963378906,458.3399963378906,454.32000732421875,458.1700134277344,455.5238342285156,15441800,-0.0015254466339085226,2.58001708984375,
MSFT,2025-05-21,454.57000732421875,457.7799987792969,451.80999755859375,452.57000732421875,449.9561767578125,19216900,-0.012222550449384473,-2.0,
MSFT,2025-05-22,454.95001220703125,460.25,453.8999938964844,454.8599853515625,452.23291015625,18025600,0.005059942086933722,-0.09002685546875,
MSFT,2025-05-23,449.9800109863281,453.69000244140625,448.9100036621094,450.17999267578125,447.5799560546875,16883500,-0.01028886432418119,0.199981689453125,454.5785696847098
MSFT,2025-05-27,456.4800109863281,460.95001220703125,456.1199951171875,460.69000244140625,458.0292663574219,20974300,0.023346239141272207,4.209991455078125,455.6585693359375
MSFT,2025-05-28,461.2200012207031,462.5199890136719,456.92999267578125,457.3599853515625,454.7184753417969,17086300,-0.007228325060662177,-3.860015869140625,456.0999973842076
MSFT,2025-05-29,461.54998779296875,461.7200012207031,455.30999755859375,458.67999267578125,456.0308837890625,13974800,0.002886145195242884,-2.8699951171875,456.0728541782924
MSFT,2025-05-30,459.7200012207031,461.67999267578125,455.5400085449219,460.3599853515625,457.701171875,34770500,0.0036626683147453765,0.639984130859375,456.38570731026783
MSFT,2025-06-02,457.1400146484375,462.1099853515625,456.8900146484375,461.9700012207031,459.3018798828125,16626500,0.003497297593992865,4.829986572265625,457.7285635811942
MSFT,2025-06-03,461.4700012207031,464.1400146484375,460.8599853515625,462.9700012207031,460.29608154296875,15743800,0.0021646427199983886,1.5,458.8871372767857
MSFT,2025-06-04,464.0,465.69000244140625,463.0199890136719,463.8699951171875,461.1908874511719,14162700,0.001943957263130125,-0.1300048828125,460.8428519112723
MSFT,2025-06-05,464.9599914550781,469.6499938964844,464.0299987792969,467.67999267578125,464.9788818359375,20131700,0.00821350291827172,2.720001220703125,461.8414219447545
MSFT,2025-06-06,470.0899963378906,473.3399963378906,468.7799987792969,470.3800048828125,467.6632995605469,15285600,0.005773204433192403,0.290008544921875,463.701424734933
MSFT,2025-06-09,469.70001220703125,473.42999267578125,468.6199951171875,472.75,470.0196228027344,16469900,0.005038469094318598,3.04998779296875,465.71142578125
MSFT,2025-06-10,471.19000244140625,472.79998779296875,466.9599914550781,470.9200134277344,468.2001953125,15375900,-0.003870939338478263,-0.269989013671875,467.2200012207031
MSFT,2025-06-11,470.0199890136719,475.4700012207031,469.6600036621094,472.6199951171875,469.8903503417969,16399200,0.003609915996305446,2.600006103515625,468.7414289202009
MSFT,2025-06-12,475.0199890136719,480.4200134277344,473.5199890136719,478.8699951171875,476.104248046875,18950600,0.013224154848654468,3.850006103515625,471.01285661969865
MSFT,2025-06-13,476.4100036621094,479.17999267578125,472.760009765625,474.9599914550781,472.2168273925781,16814500,-0.008165062964850311,-1.45001220703125,472.5971418108259
MSFT,2025-06-16,475.2099914550781,480.69000244140625,475.0,479.1400146484375,476.37274169921875,15626100,0.008800790105611966,3.930023193359375,474.23428780691967
MSFT,2025-06-17,475.3999938964844,478.739990234375,474.0799865722656,478.0400085449219,475.2790832519531,15414100,-0.0022957926073503554,2.6400146484375,475.32857404436385
MSFT,2025-06-18,478.0,481.0,474.4599914550781,480.239990234375,477.4663391113281,17526500,0.004602086959519358,2.239990234375,476.39857264927457
MSFT,2025-06-20,482.2300109863281,483.4599914550781,476.8699951171875,477.3999938964844,474.6427307128906,37576200,-0.00591370230643351,-4.83001708984375,477.3242841448103
MSFT,2025-06-23,478.2099914550781,487.75,472.510009765625,486.0,483.1930847167969,24864000,0.018014256835915177,7.790008544921875,479.23571341378346
MSFT,2025-06-24,488.95001220703125,491.8500061035156,486.79998779296875,490.1099853515625,487.2793273925781,22305600,0.00845675998263884,1.15997314453125,480.84142630440846
MSFT,2025-06-25,492.0400085449219,494.55999755859375,489.3900146484375,492.2699890136719,489.4268798828125,17495100,0.004407181503474078,0.22998046875,483.3142830984933
MSFT,2025-06-26,492.9800109863281,498.0400085449219,492.80999755859375,497.45001220703125,494.57696533203125,21578900,0.010522727992698044,4.470001220703125,485.9299970354353
MSFT,2025-06-27,497.54998779296875,499.29998779296875,493.0299987792969,495.94000244140625,493.07568359375,34539200,-0.003035500509740774,-1.6099853515625,488.4871390206473
MSFT,2025-06-30,497.0400085449219,500.760009765625,495.3299865722656,497.4100036621094,494.53717041015625,28369000,0.0029640706808617967,0.3699951171875,490.9399980817522
MSFT,2025-07-01,496.4700012207031,498.04998779296875,490.9800109863281,492.04998779296875,489.2080993652344,19945400,-0.01077585056528474,-4.420013427734375,493.03285435267856
MSFT,2025-07-02,489.989990234375,493.5,488.70001220703125,491.0899963378906,488.2536926269531,16319600,-0.001951003920118044,1.100006103515625,493.75999668666293
MSFT,2025-07-03,493.80999755859375,500.1300048828125,493.44000244140625,498.8399963378906,495.9589538574219,13984800,0.015781221482401575,5.029998779296875,495.00714111328125
MSFT,2025-07-07,497.3800048828125,498.75,495.2300109863281,497.7200012207031,494.84539794921875,13981600,-0.0022451991127608872,0.339996337890625,495.7857142857143
MSFT,2025-07-08,497.239990234375,498.20001220703125,494.1099853515625,496.6199951171875,493.7517395019531,11846600,-0.002210090213006888,-0.6199951171875,495.6671404157366
MSFT,2025-07-09,500.29998779296875,506.7799987792969,499.739990234375,503.510009765625,500.60198974609375,18659500,0.013873816431438035,3.21002197265625,496.74857003348217
MSFT,2025-07-10,503.04998779296875,504.44000244140625,497.75,501.4800109863281,498.58367919921875,16492100,-0.004031694981082468,-1.569976806640625,497.3299996512277
MSFT,2025-07-11,498.4700012207031,505.0299987792969,497.79998779296875,503.32000732421875,500.4130554199219,16459500,0.0036691319645456577,4.850006103515625,498.94000244140625
MSFT,2025-07-14,501.5199890136719,503.9700012207031,501.0299987792969,503.0199890136719,500.1147766113281,12058800,-0.0005960786501253423,1.5,500.644287109375
MSFT,2025-07-15,503.0199890136719,508.29998779296875,502.7900085449219,505.82000732421875,502.89862060546875,14927200,0.005566415593219576,2.800018310546875,501.6414315359933
MSFT,2025-07-16,505.17999267578125,506.7200012207031,501.8900146484375,505.6199951171875,502.6997985839844,15154400,-0.0003954216996858717,0.44000244140625,502.77000209263394
MSFT,2025-07-17,505.67999267578125,513.3699951171875,505.6199951171875,511.70001220703125,508.7446594238281,17503100,0.01202487470542879,6.02001953125,504.9242902483259
MSFT,2025-07-18,514.47998046875,514.6400146484375,507.42999267578125,510.04998779296875,507.1041564941406,21209700,-0.003224593266952902,-4.42999267578125,505.8585728236607
MSFT,2025-07-21,506.7099914550781,512.0900268554688,505.54998779296875,510.05999755859375,507.1141357421875,14066800,1.96250678650145e-05,3.350006103515625,507.0842851911272
MSFT,2025-07-22,510.9700012207031,511.20001220703125,505.2699890136719,505.2699890136719,502.3517761230469,13868600,-0.009391068830822413,-5.70001220703125,507.36285400390625
MSFT,2025-07-23,506.75,506.7900085449219,500.70001220703125,505.8699951171875,502.94830322265625,16396600,0.0011874960250199962,-0.8800048828125,507.7699977329799
MSFT,2025-07-24,508.7699890136719,513.6699829101562,507.29998779296875,510.8800048828125,507.9294128417969,16107000,0.009903749607573342,2.110015869140625,508.4928545270647
MSFT,2025-07-25,512.469970703125,518.2899780273438,510.3599853515625,513.7100219726562,510.7430725097656,19125700,0.005539494720473437,1.24005126953125,509.64857264927457
MSFT,2025-07-28,514.0800170898438,515.0,510.1199951171875,512.5,509.5400085449219,14308000,-0.0023554572052336686,-1.58001708984375,509.76285661969865
MSFT,2025-07-29,515.530029296875,517.6199951171875,511.55999755859375,512.5700073242188,509.609619140625,16469200,0.0001365996570121819,-2.96002197265625,510.1228594098772
MSFT,2025-07-30,515.1699829101562,515.9500122070312,509.44000244140625,513.239990234375,510.2757568359375,26380400,0.0013071051770152664,-1.92999267578125,510.57714407784596
MSFT,2025-07-31,555.22998046875,555.4500122070312,531.9000244140625,533.5,530.4187622070312,51617300,0.03947472946598163,-21.72998046875,514.6100027901786
MSFT,2025-08-01,535.0,535.7999877929688,520.8599853515625,524.1099853515625,521.0829467773438,28977600,-0.01760077722293818,-10.8900146484375,517.2157156808036
MSFT,2025-08-04,528.27001953125,538.25,528.1300048828125,535.6400146484375,532.5463256835938,25349000,0.021999255154699693,7.3699951171875,520.7528599330357
MSFT,2025-08-05,537.1799926757812,537.2999877929688,527.239990234375,527.75,524.7019653320312,19171600,-0.014730069510613508,-9.42999267578125,522.7585710797991
MSFT,2025-08-06,530.9000244140625,531.7000122070312,524.030029296875,524.9400024414062,521.908203125,21355700,-0.005324486136605855,-5.96002197265625,524.5357142857143
MSFT,2025-08-07,526.7999877929688,528.0900268554688,517.5499877929688,520.8400268554688,517.8318481445312,16079100,-0.007810369883928137,-5.9599609375,525.7171456473214
MSFT,2025-08-08,522.5999755859375,524.6599731445312,519.4099731445312,522.0399780273438,519.0249633789062,15531000,0.0023038766415852674,-0.55999755859375,526.9742867606027
MSFT,2025-08-11,522.2999877929688,527.5900268554688,519.719970703125,521.77001953125,518.7565307617188,20194400,-0.0005171222654515306,-0.52996826171875,525.2985752650669
MSFT,2025-08-12,523.75,530.97998046875,522.7000122070312,529.239990234375,526.183349609375,18667000,0.014316596246437996,5.489990234375,526.0314331054688
MSFT,2025-08-13,532.1099853515625,532.7000122070312,519.3699951171875,520.5800170898438,517.5733642578125,19619200,-0.01636303624882196,-11.52996826171875,523.8800048828125
MSFT,2025-08-14,522.5599975585938,525.9500122070312,520.1400146484375,522.47998046875,519.4623413085938,20269100,0.0036497047841510533,-0.08001708984375,523.1271449497768
MSFT,2025-08-15,522.77001953125,526.0999755859375,519.0800170898438,520.1699829101562,517.1657104492188,25213300,-0.0044212173574982305,-2.60003662109375,522.4457135881696
MSFT,2025-08-18,521.5900268554688,522.8200073242188,514.02001953125,517.0999755859375,514.1134643554688,23760600,-0.005901930955421908,-4.49005126953125,521.9114205496652
MSFT,2025-08-19,515.0,515.1599731445312,508.54998779296875,509.7699890136719,506.8257751464844,21481000,-0.014175182592031321,-5.230010986328125,520.1585649762835
MSFT,2025-08-20,509.8699951171875,511.0,504.44000244140625,505.7200012207031,502.7991638183594,27723000,-0.007944735626365218,-4.149993896484375,517.865705217634
MSFT,2025-08-21,503.69000244140625,507.6300048828125,502.7200012207031,504.239990234375,502.15185546875,18443300,-0.00292654232135503,0.54998779296875,514.2942766462054
MSFT,2025-08-22,504.25,510.7300109863281,502.4100036621094,507.2300109863281,505.1295166015625,24324200,0.005929757278004377,2.980010986328125,512.3871329171317
MSFT,2025-08-25,506.6300048828125,508.19000244140625,504.1199951171875,504.260009765625,502.17181396484375,21638600,-0.0058553341804989945,-2.3699951171875,509.7842799595424
MSFT,2025-08-26,504.3599853515625,504.9800109863281,498.510009765625,502.0400085449219,499.96099853515625,30835700,-0.004402493114088024,-2.319976806640625,507.1942836216518
MSFT,2025-08-27,502.0,507.2900085449219,499.8999938964844,506.739990234375,504.6415100097656,17277900,0.00936176720870363,4.739990234375,505.7142857142857
MSFT,2025-08-28,507.0899963378906,511.0899963378906,505.5,509.6400146484375,507.5295104980469,18015600,0.005722904191400424,2.550018310546875,505.69571794782365
MSFT,2025-08-29,508.6600036621094,509.6000061035156,504.489990234375,506.69000244140625,504.59173583984375,20961600,-0.005788423440546087,-1.970001220703125,505.83428955078125
MSFT,2025-09-02,500.4700012207031,506.0,496.80999755859375,505.1199951171875,503.0282287597656,18128000,-0.0030985559546348185,4.649993896484375,505.9600045340402
MSFT,2025-09-03,503.7900085449219,507.7900085449219,502.32000732421875,505.3500061035156,503.2572937011719,16345100,0.0004553590999198942,1.55999755859375,505.6914324079241
MSFT,2025-09-04,504.29998779296875,508.1499938964844,503.1499938964844,507.9700012207031,505.866455078125,15509500,0.005184515851476723,3.670013427734375,506.22143118722096
MSFT,2025-09-05,509.07000732421875,511.9700012207031,492.3699951171875,495.0,492.9501647949219,31994800,-0.025533006259296664,-14.07000732421875,505.21571568080356
MSFT,2025-09-08,498.1099853515625,501.20001220703125,495.0299987792969,498.20001220703125,496.13690185546875,16771000,0.006464671125315569,0.09002685546875,503.9957188197545
MSFT,2025-09-09,501.42999267578125,502.25,497.70001220703125,498.4100036621094,496.3460388183594,14410500,0.00042150030094911806,-3.019989013671875,502.3914315359933
MSFT,2025-09-10,502.9800109863281,503.2300109863281,496.7200012207031,500.3699951171875,498.29791259765625,21611800,0.003932488193810091,-2.610015869140625,501.4885733468192
MSFT,2025-09-11,502.25,503.1700134277344,497.8800048828125,501.010009765625,498.9352722167969,18881600,0.0012790827881028477,-1.239990234375,500.9014325823103
MSFT,2025-09-12,506.6499938964844,512.5499877929688,503.8500061035156,509.8999938964844,507.7884521484375,23624900,0.017744124783092063,3.25,501.55143083844865
MSFT,2025-09-15,508.7900085449219,515.469970703125,507.0,515.3599853515625,513.225830078125,17143800,0.010707965327386493,6.569976806640625,502.60714285714283
MSFT,2025-09-16,516.8800048828125,517.22998046875,508.6000061035156,509.0400085449219,506.9320068359375,19711900,-0.012263227620067041,-7.839996337890625,504.6128583635603
MSFT,2025-09-17,510.6199951171875,511.2900085449219,505.92999267578125,510.0199890136719,507.9079284667969,15816600,0.001925154118143313,-0.600006103515625,506.30142647879467
MSFT,2025-09-18,511.489990234375,513.0700073242188,507.6600036621094,508.45001220703125,506.3444519042969,18913700,-0.003078265245401113,-3.03997802734375,507.73571341378346
MSFT,2025-09-19,510.55999755859375,519.2999877929688,510.30999755859375,517.9299926757812,515.78515625,52474100,0.01864486230927631,7.3699951171875,510.2442844935826
MSFT,2025-09-22,515.5900268554688,517.739990234375,512.5399780273438,514.4500122070312,512.319580078125,20009300,-0.0067190170833154594,-1.1400146484375,512.164284842355
MSFT,2025-09-23,513.7999877929688,514.5900268554688,507.30999755859375,509.2300109863281,507.1212463378906,19799600,-0.010146760806378219,-4.569976806640625,512.0685729980469
MSFT,2025-09-24,510.3800048828125,512.47998046875,506.9200134277344,510.1499938964844,508.0373840332031,13533700,0.0018066156556137969,-0.230010986328125,511.3242885044643
MSFT,2025-09-25,508.29998779296875,510.010009765625,505.0400085449219,507.0299987792969,504.9303283691406,15786500,-0.0061158387817614734,-1.269989013671875,511.03714425223217
MSFT,2025-09-26,510.05999755859375,513.9400024414062,506.6199951171875,511.4599914550781,509.34197998046875,16213100,0.00873714116807034,1.399993896484375,511.24285888671875
MSFT,2025-09-29,511.5,516.8499755859375,508.8800048828125,514.5999755859375,512.4689331054688,17617800,0.006139256605245391,3.0999755859375,512.1214250837054
MSFT,2025-09-30,513.239990234375,518.1599731445312,509.6600036621094,517.9500122070312,515.8051147460938,19728200,0.006509982083227506,4.71002197265625,512.124285016741
MSFT,2025-10-01,514.7999877929688,520.510009765625,511.69000244140625,519.7100219726562,517.557861328125,22632300,0.0033980301653540046,4.9100341796875,512.875714983259
MSFT,2025-10-02,517.6400146484375,521.5999755859375,510.67999267578125,515.739990234375,513.604248046875,21222900,-0.007638936272985952,-1.9000244140625,513.8057120186942
MSFT,2025-10-03,517.0999755859375,520.489990234375,515.0,517.3499755859375,515.20751953125,15112300,0.003121699658835464,0.25,514.8342808314732
MSFT,2025-10-06,518.6099853515625,531.030029296875,518.2000122070312,528.5700073242188,526.3811645507812,21388600,0.021687508007657064,9.96002197265625,517.9114249093192
MSFT,2025-10-07,528.2899780273438,529.7999877929688,521.4400024414062,523.97998046875,521.8101196289062,14615200,-0.008683857940984696,-4.30999755859375,519.6999947684152
MSFT,2025-10-08,523.280029296875,526.9500122070312,523.0900268554688,524.8499755859375,522.676513671875,13363400,0.0016603594595525628,1.5699462890625,521.1642804827009
MSFT,2025-10-09,522.3400268554688,524.3300170898438,517.4000244140625,522.4000244140625,520.2366943359375,18343600,-0.004667907565661822,0.05999755859375,521.7999965122768
MSFT,2025-10-10,519.6400146484375,523.5800170898438,509.6300048828125,510.9599914550781,508.84405517578125,24133800,-0.021898990092536486,-8.680023193359375,520.5499921526227
MSFT,2025-10-13,516.4099731445312,516.4099731445312,511.67999267578125,514.0499877929688,511.9212341308594,14284200,0.0060474330467461535,-2.3599853515625,520.3085632324219
MSFT,2025-10-14,510.2300109863281,515.280029296875,506.0,513.5700073242188,511.4432373046875,14684300,-0.00093372333459385,3.339996337890625,519.7685677664621
MSFT,2025-10-15,514.9600219726562,517.1900024414062,510.0,513.4299926757812,511.3038024902344,14694700,-0.0002726301116511287,-1.530029296875,517.605708530971
MSFT,2025-10-16,512.5800170898438,516.8499755859375,508.1300048828125,511.6099853515625,509.4913330078125,15559600,-0.0035448013364658415,-0.97003173828125,515.8385663713727
MSFT,2025-10-17,509.0400085449219,515.47998046875,507.30999755859375,513.5800170898438,511.4532470703125,19867800,0.003850651462417254,4.540008544921875,514.2285723005023
MSFT,2025-10-20,514.6099853515625,518.7000122070312,513.4299926757812,516.7899780273438,514.6498413085938,14665600,0.006250167122328731,2.17999267578125,513.4271371023996
MSFT,2025-10-21,517.5,518.6900024414062,513.0399780273438,517.6599731445312,515.5162963867188,15586200,0.0016834597306014665,0.15997314453125,514.38427734375
MSFT,2025-10-22,521.1500244140625,525.22998046875,517.7100219726562,520.5399780273438,518.3843994140625,18962700,0.0055635069973014595,-0.61004638671875,515.3114188058036
MSFT,2025-10-23,522.4600219726562,523.9500122070312,518.6099853515625,520.5599975585938,518.404296875,14023500,3.8459161822324006e-05,-1.9000244140625,516.3099888392857
MSFT,2025-10-24,522.7899780273438,525.3499755859375,520.7100219726562,523.6099853515625,521.441650390625,15532400,0.00585905142014953,0.82000732421875,517.7642735072544
MSFT,2025-10-27,531.780029296875,534.5800170898438,529.010009765625,531.52001953125,529.3189697265625,18734700,0.015106729055933688,-0.260009765625,520.6085641043527
MSFT,2025-10-28,550.0,553.719970703125,540.77001953125,542.0700073242188,539.8252563476562,29986700,0.019848712005754443,-7.92999267578125,524.6785627092634
MSFT,2025-10-29,544.9400024414062,546.27001953125,536.72998046875,541.5499877929688,539.307373046875,36023000,-0.0009593217190099201,-3.3900146484375,528.2157069614956
MSFT,2025-10-30,530.47998046875,534.969970703125,522.1199951171875,525.760009765625,523.582763671875,41023100,-0.029157009294181968,-4.719970703125,529.3728550502232
MSFT,2025-10-31,528.8800048828125,529.3200073242188,515.0999755859375,517.8099975585938,515.6656494140625,34006400,-0.015120990678951118,-11.07000732421875,528.9828578404018
MSFT,2025-11-03,519.8099975585938,524.9600219726562,514.5900268554688,517.030029296875,514.888916015625,22374700,-0.0015062827396076228,-2.77996826171875,528.4785766601562
MSFT,2025-11-04,511.760009765625,515.5499877929688,507.8399963378906,514.3300170898438,512.2001342773438,20958700,-0.005222157426142293,2.57000732421875,527.1528669084821
MSFT,2025-11-05,513.2999877929688,514.8300170898438,506.5799865722656,507.1600036621094,505.0597839355469,23024300,-0.0139404918816588,-6.139984130859375,523.6728646414621
MSFT,2025-11-06,505.6600036621094,505.70001220703125,495.80999755859375,497.1000061035156,495.04144287109375,27406500,-0.019835944250241266,-8.55999755859375,517.2485787527902
MSFT,2025-11-07,496.95001220703125,499.3800048828125,493.25,496.82000732421875,494.7626037597656,24019800,-0.0005632644857351821,-0.1300048828125,510.85858154296875
MSFT,2025-11-10,500.0400085449219,506.8500061035156,498.79998779296875,506.0,503.9045715332031,26101500,0.018477501993575007,5.959991455078125,508.0357230050223
MSFT,2025-11-11,504.79998779296875,509.6000061035156,502.3500061035156,508.67999267578125,506.573486328125,17980000,0.0052964282130063545,3.8800048828125,506.731436593192
MSFT,2025-11-12,509.3599853515625,511.6700134277344,499.1199951171875,511.1400146484375,509.0233154296875,26574900,0.004836089502392227,1.780029296875,505.8900059291295
MSFT,2025-11-13,510.30999755859375,513.5,501.2900085449219,503.2900085449219,501.205810546875,25273100,-0.015357839101904136,-7.019989013671875,504.31286185128346
MSFT,2025-11-14,498.2300109863281,511.6000061035156,497.44000244140625,510.17999267578125,508.0672607421875,28505700,0.01368988856102904,11.949981689453125,504.7442888532366
MSFT,2025-11-17,508.45001220703125,512.1199951171875,504.9100036621094,507.489990234375,505.3883972167969,19092800,-0.005272653730103771,-0.96002197265625,506.2285723005022
MSFT,2025-11-18,495.3699951171875,502.9800109863281,486.7799987792969,493.7900085449219,491.74517822265625,33815100,-0.026995570263614543,-1.579986572265625,505.79571533203125
MSFT,2025-11-19,490.1000061035156,495.19000244140625,482.8299865722656,487.1199951171875,485.1027526855469,23245300,-0.013507793418885194,-2.980010986328125,503.09857177734375
MSFT,2025-11-20,492.7099914550781,493.57000732421875,475.5,478.42999267578125,477.3404846191406,26802500,-0.01783955191434028,-14.279998779296875,498.7771432059152
MSFT,2025-11-21,478.5,478.9200134277344,468.2699890136719,472.1199951171875,471.04486083984375,31769200,-0.013188967362399162,-6.3800048828125,493.2028547014509
MSFT,2025-11-24,475.0,476.8999938964844,468.0199890136719,474.0,472.92059326171875,34421000,0.003982048848293118,-1.0,489.01856776646207
MSFT,2025-11-25,474.07000732421875,479.1499938964844,464.8900146484375,476.989990234375,475.90374755859375,28019800,0.006307996275052741,2.91998291015625,484.27713884626115
MSFT,2025-11-26,486.30999755859375,488.30999755859375,481.20001220703125,485.5,484.3943786621094,25709100,0.01784106572434263,-0.80999755859375,481.1357116699219
MSFT,2025-11-28,487.6000061035156,492.6300048828125,486.6499938964844,492.010009765625,490.88958740234375,14386700,0.013408876963182381,4.410003662109375,480.8814261300223
MSFT,2025-12-01,488.44000244140625,489.8599853515625,484.6499938964844,486.739990234375,485.6315612792969,23964000,-0.010711203891482723,-1.70001220703125,480.827139718192
MSFT,2025-12-02,486.7200012207031,493.5,486.32000732421875,490.0,488.8841552734375,19562700,0.00669764110414528,3.279998779296875,482.47999790736606
MSFT,2025-12-03,476.32000732421875,484.239990234375,475.20001220703125,477.7300109863281,476.64208984375,34615100,-0.025040793905452774,1.410003662109375,483.2814287458147
MSFT,2025-12-04,479.760009765625,481.32000732421875,476.489990234375,480.8399963378906,479.7449951171875,22318200,0.006509922508618482,1.079986572265625,484.2585710797991
MSFT,2025-12-05,482.5199890136719,483.3999938964844,478.8800048828125,483.1600036621094,482.0597229003906,22608700,0.004824905045104577,0.6400146484375,485.14000156947543
MSFT,2025-12-08,484.8900146484375,492.29998779296875,484.3800048828125,491.0199890136719,489.9018249511719,21965900,0.01626787253081341,6.129974365234375,485.92857142857144
MSFT,2025-12-09,489.1000061035156,492.1199951171875,488.5,492.0199890136719,490.8995361328125,14696100,0.002036576967077819,2.91998291015625,485.9299970354353
MSFT,2025-12-10,484.0299987792969,484.25,475.0799865722656,478.55999755859375,477.4701843261719,35756200,-0.027356594763681685,-5.470001220703125,484.7614266531808
MSFT,2025-12-11,476.6300048828125,486.0299987792969,475.8599853515625,483.4700012207031,482.3690185546875,24669200,0.010259954210878552,6.839996337890625,483.8285696847098
MSFT,2025-12-12,479.82000732421875,482.45001220703125,476.3399963378906,478.5299987792969,477.4402770996094,21248100,-0.01021780550795981,-1.290008544921875,483.94285365513394
MSFT,2025-12-15,480.1000061035156,480.7200012207031,472.5199890136719,474.82000732421875,473.73870849609375,23727700,-0.0077528921165697096,-5.279998779296875,483.0828552246094
MSFT,2025-12-16,471.9100036621094,477.8900146484375,470.8800048828125,476.3900146484375,475.3051452636719,20705600,0.003306531527738965,4.480010986328125,482.115713936942
MSFT,2025-12-17,476.9100036621094,480.0,475.0,476.1199951171875,475.0357360839844,24527200,-0.0005668035075194755,-0.790008544921875,479.98714338030135
MSFT,2025-12-18,478.19000244140625,489.6000061035156,477.8900146484375,483.9800109863281,482.87786865234375,28573500,0.016508476749030443,5.790008544921875,478.8385750906808
MSFT,2025-12-19,487.3599853515625,487.8500061035156,482.489990234375,485.9200134277344,484.8134460449219,70836100,0.00400843505386228,-1.439971923828125,479.8900059291295
MSFT,2025-12-22,486.1199951171875,488.7300109863281,482.69000244140625,484.9200134277344,483.81573486328125,16963000,-0.002057951869374297,-1.199981689453125,480.09715053013394
MSFT,2025-12-23,484.9800109863281,487.8299865722656,484.739990234375,486.8500061035156,485.7413330078125,14683600,0.003980022730220467,1.8699951171875,481.2857230050223
MSFT,2025-12-24,485.67999267578125,489.1600036621094,484.8299865722656,488.0199890136719,486.90863037109375,5855900,0.0024031691393415766,2.339996337890625,483.1714346749442
MSFT,2025-12-26,486.7099914550781,488.1199951171875,485.9599914550781,487.7099914550781,486.599365234375,8842200,-0.0006352148796615609,1.0,484.78857421875
MSFT,2025-12-29,484.8599853515625,488.3500061035156,484.17999267578125,487.1000061035156,485.9907531738281,10893400,-0.0012507132563402967,2.240020751953125,486.3571472167969
MSFT,2025-12-30,485.92999267578125,489.67999267578125,485.5,487.4800109863281,486.3699035644531,13944500,0.0007801372984006516,1.550018310546875,486.8571472167969
MSFT,2025-12-31,487.8399963378906,488.1400146484375,483.29998779296875,483.6199951171875,482.5186767578125,15601600,-0.007918305945161852,-4.220001220703125,486.528573172433
MSFT,2026-01-02,484.3900146484375,484.6600036621094,470.1600036621094,472.94000244140625,471.8630065917969,25571600,-0.02208343902983856,-11.45001220703125,484.81714303152904
MSFT,2026-01-05,474.05999755859375,476.07000732421875,469.5,472.8500061035156,471.773193359375,25250300,-0.00019029123657554603,-1.209991455078125,482.81714303152904
MSFT,2026-01-06,473.79998779296875,478.739990234375,469.75,478.510009765625,477.4203186035156,23037700,0.011969976925135795,4.71002197265625,481.4585745675223
MSFT,2026-01-07,479.760009765625,489.70001220703125,477.95001220703125,483.4700012207031,482.3690185546875,25564200,0.010365491533829152,3.709991455078125,480.8528616768973
MSFT,2026-01-08,481.239990234375,482.6600036621094,475.8599853515625,478.1099853515625,477.0212097167969,18162600,-0.011086553158639045,-3.1300048828125,479.5685729980469
MSFT,2026-01-09,474.05999755859375,479.82000732421875,472.20001220703125,479.2799987792969,478.1885681152344,18491000,0.0024471637564189574,5.220001220703125,478.3971426827567
MSFT,2026-01-12,476.6700134277344,480.989990234375,475.67999267578125,477.17999267578125,476.09332275390625,23519900,-0.004381585104457186,0.509979248046875,477.4771423339844
MSFT,2026-01-13,474.67999267578125,475.7799987792969,465.95001220703125,470.6700134277344,469.5981750488281,28545800,-0.013642607292779108,-4.009979248046875,477.1528581891741
MSFT,2026-01-14,466.4599914550781,468.20001220703125,457.1700134277344,459.3800048828125,458.3338928222656,28184300,-0.023987099714937177,-7.079986572265625,475.2285723005022
MSFT,2026-01-15,464.1199951171875,464.25,455.8999938964844,456.6600036621094,455.6200866699219,23225800,-0.005921026583203148,-7.459991455078125,472.10714285714283
MSFT,2026-01-16,457.8299865722656,463.19000244140625,456.4800109863281,459.8599853515625,458.8127746582031,34246700,0.007007361415038327,2.029998779296875,468.7342834472656
MSFT,2026-01-20,451.2200012207031,456.79998779296875,449.2799987792969,454.5199890136719,453.48492431640625,26130000,-0.01161222221543845,3.29998779296875,465.3642839704241
MSFT,2026-01-21,452.6000061035156,452.69000244140625,438.67999267578125,444.1099853515625,443.0986328125,37980500,-0.022903291194518283,-8.490020751953125,460.3399963378906
MSFT,2026-01-22,447.6199951171875,452.8399963378906,444.70001220703125,451.1400146484375,450.1126403808594,25349400,0.01582947812197899,3.52001953125,456.61999947684154
MSFT,2026-01-23,451.8699951171875,471.1000061035156,450.5299987792969,465.95001220703125,464.888916015625,38000200,0.03282794050120974,14.08001708984375,455.94571358816967
MSFT,2026-01-26,465.30999755859375,474.25,462.0,470.2799987792969,469.20904541015625,29291200,0.009292813518248622,4.970001220703125,457.5028555733817
MSFT,2026-01-27,473.70001220703125,482.8699951171875,473.1600036621094,480.5799865722656,479.485595703125,29213900,0.021901819808846534,6.879974365234375,460.9199959891183
MSFT,2026-01-28,483.2099914550781,483.739990234375,478.0,481.6300048828125,480.533203125,36875400,0.0021848981228622666,-1.579986572265625,464.0299987792969
MSFT,2026-01-29,439.989990234375,442.5,421.0199890136719,433.5,432.5128173828125,128855300,-0.09993149179840488,-6.489990234375,461.0271432059152
MSFT,2026-01-30,439.1700134277344,439.6000061035156,426.45001220703125,430.2900085449219,429.31011962890625,58566800,-0.0074048245791883405,-8.8800048828125,459.05286080496654
MSFT,2026-02-02,430.239990234375,430.739990234375,422.25,423.3699951171875,422.4058837890625,42219900,-0.016082208023224243,-6.8699951171875,455.0857151576451
MSFT,2026-02-03,422.010009765625,422.04998779296875,408.55999755859375,411.2099914550781,410.2735595703125,61424100,-0.02872193070447404,-10.800018310546875,447.26571219308033
MSFT,2026-02-04,411.0,419.79998779296875,409.239990234375,414.19000244140625,413.2467956542969,45012400,0.007246932341753887,3.19000244140625,439.2528555733817
MSFT,2026-02-05,407.44000244140625,408.29998779296875,392.32000732421875,393.6700134277344,392.7735290527344,66289200,-0.04954245368724164,-13.769989013671875,426.83714512416293
MSFT,2026-02-06,399.1700134277344,401.7900085449219,392.9200134277344,401.1400146484375,400.22650146484375,53515300,0.01897528632079659,1.970001220703125,415.3385750906808
MSFT,2026-02-09,404.8500061035156,414.8900146484375,400.8699951171875,413.6000061035156,412.65814208984375,45480500,0.03106145236096225,8.75,412.4957188197545
MSFT,2026-02-10,419.6199951171875,423.67999267578125,412.70001220703125,413.2699890136719,412.328857421875,44857900,-0.0007979136483889926,-6.350006103515625,410.0642874581473
MSFT,2026-02-11,416.17999267578125,416.4599914550781,401.010009765625,404.3699951171875,403.4491271972656,42491000,-0.021535543671403534,-11.80999755859375,407.3500017438616
MSFT,2026-02-12,405.0,406.20001220703125,398.010009765625,401.8399963378906,400.9248962402344,40802400,-0.006256643197682599,-3.160003662109375,406.0114310128348
MSFT,2026-02-13,404.45001220703125,405.5400085449219,398.04998779296875,401.32000732421875,400.4060974121094,34091600,-0.0012940200537794322,-3.1300048828125,404.172860281808
MSFT,2026-02-17,399.2200012207031,400.5199890136719,394.5299987792969,396.8599853515625,395.95623779296875,32078800,-0.011113380572260079,-2.360015869140625,404.6285705566406
MSFT,2026-02-18,398.1300048828125,402.55999755859375,396.32000732421875,399.6000061035156,398.69000244140625,23223400,0.006904250499142339,1.470001220703125,404.4085693359375
MSFT,2026-02-19,400.69000244140625,404.42999267578125,396.6700134277344,398.4599914550781,398.4599914550781,28234000,-0.002852889467029107,-2.230010986328125,402.24571010044644
MSFT,2026-02-20,396.1099853515625,400.1199951171875,395.1600036621094,397.2300109863281,397.2300109863281,34015200,-0.0030868355547025716,1.120025634765625,399.95428466796875
MSFT,2026-02-23,395.0,395.3599853515625,383.1000061035156,384.4700012207031,384.4700012207031,43238300,-0.032122471647954565,-10.529998779296875,397.1114283970424
MSFT,2026-02-24,384.1400146484375,389.3599853515625,381.7099914550781,389.0,389.0,33884700,0.01178245055508631,4.8599853515625,395.2771432059152
MSFT,2026-02-25,390.5299987792969,401.4700012207031,390.1600036621094,400.6000061035156,400.6000061035156,43625500,0.029820067104153303,10.07000732421875,395.1742858886719
MSFT,2026-02-26,404.7099914550781,407.489990234375,398.739990234375,401.7200012207031,401.7200012207031,34405900,0.002795794059219592,-2.989990234375,395.8685738699777
MSFT,2026-02-27,390.8800048828125,396.82000732421875,389.8800048828125,392.739990234375,392.739990234375,51367200,-0.022353905603506474,1.8599853515625,394.8885716029576
MSFT,2026-03-02,392.8599853515625,401.19000244140625,390.6300048828125,398.54998779296875,398.54998779296875,35474900,0.014793496213936663,5.69000244140625,394.90142822265625
MSFT,2026-03-03,393.1400146484375,406.70001220703125,392.6700134277344,403.92999267578125,403.92999267578125,38199200,0.013498946299321357,10.78997802734375,395.8585684640067
MSFT,2026-03-04,401.2699890136719,411.0299987792969,400.30999755859375,405.20001220703125,405.20001220703125,35808000,0.0031441575378865494,3.930023193359375,398.8199986049107
MSFT,2026-03-05,404.4200134277344,411.6099853515625,404.3999938964844,410.67999267578125,410.67999267578125,39001300,0.013524136978431578,6.259979248046875,401.9171404157366
MSFT,2026-03-06,409.20001220703125,413.04998779296875,408.510009765625,408.9599914550781,408.9599914550781,31123900,-0.004188178755669236,-0.240020751953125,403.1114240373884
MSFT,2026-03-09,404.9200134277344,410.2099914550781,403.5,409.4100036621094,409.4100036621094,30131900,0.0011003819846291396,4.489990234375,404.20999581473217
MSFT,2026-03-10,410.0299987792969,410.20001220703125,402.92999267578125,405.760009765625,405.760009765625,31706400,-0.008915253325116002,-4.269989013671875,406.0699986049107
MSFT,2026-03-11,405.57000732421875,409.010009765625,401.5899963378906,404.8800048828125,404.8800048828125,25512100,-0.002168781697636457,-0.69000244140625,406.9742867606027
MSFT,2026-03-12,404.6300048828125,406.1199951171875,401.7099914550781,401.8599853515625,401.8599853515625,27263900,-0.007459048347235875,-2.77001953125,406.67857142857144
MSFT,2026-03-13,401.0,404.79998779296875,394.25,395.54998779296875,395.54998779296875,26848000,-0.015701980263283843,-5.45001220703125,405.2999965122768
MSFT,2026-03-16,398.07000732421875,400.6300048828125,394.7900085449219,399.95001220703125,399.95001220703125,27733700,0.011123813803188609,1.8800048828125,403.7671421595982
MSFT,2026-03-17,400.2699890136719,404.3999938964844,397.75,399.4100036621094,399.4100036621094,26228300,-0.001350190094862036,-0.8599853515625,402.4028581891741
MSFT,2026-03-18,397.1300048828125,398.0,391.0,391.7900085449219,391.7900085449219,25908500,-0.019078127856892224,-5.339996337890625,399.8857160295759
MSFT,2026-03-19,390.1000061035156,392.489990234375,387.05999755859375,389.0199890136719,389.0199890136719,25138800,-0.007070163788856276,-1.08001708984375,397.4942844935826
MSFT,2026-03-20,386.7900085449219,387.0,380.1199951171875,381.8699951171875,381.8699951171875,50853200,-0.018379502592174246,-4.920013427734375,394.20714024135043
MSFT,2026-03-23,383.8999938964844,387.2099914550781,381.67999267578125,383.0,383.0,29680100,0.002959135038786531,-0.899993896484375,391.51285661969865
MSFT,2026-03-24,382.3599853515625,382.4700012207031,371.8500061035156,372.739990234375,372.739990234375,42733600,-0.02678853724706265,-9.6199951171875,388.25428553989957
MSFT,2026-03-25,376.9200134277344,377.05999755859375,369.6300048828125,371.0400085449219,371.0400085449219,31181200,-0.004560770869753483,-5.8800048828125,384.12428501674106
MSFT,2026-03-26,370.82000732421875,374.7200012207031,365.19000244140625,365.9700012207031,365.9700012207031,36836600,-0.013664314379738696,-4.850006103515625,379.3471418108259
MSFT,2026-03-27,361.8999938964844,362.45001220703125,356.510009765625,356.7699890136719,356.7699890136719,37883400,-0.02513870584021738,-5.1300048828125,374.3442818777902
MSFT,2026-03-30,361.8999938964844,365.3599853515625,356.2799987792969,358.9599914550781,358.9599914550781,44797000,0.0061384155305796995,-2.94000244140625,370.0499965122768
MSFT,2026-03-31,364.54998779296875,372.8999938964844,363.07000732421875,370.1700134277344,370.1700134277344,45244400,0.031229168262500107,5.620025634765625,368.3785705566406
MSFT,2026-04-01,373.489990234375,373.989990234375,368.20001220703125,369.3699951171875,369.3699951171875,29417200,-0.0021612185793732364,-4.1199951171875,366.4314270019531
MSFT,2026-04-02,367.2099914550781,373.6400146484375,364.1499938964844,373.4599914550781,373.4599914550781,24099100,0.011072898156205158,6.25,366.53428431919644
MSFT,2026-04-06,373.489990234375,373.7300109863281,369.5,372.8800048828125,372.8800048828125,16146600,-0.0015530085833448393,-0.6099853515625,366.7971409388951
MSFT,2026-04-07,370.3399963378906,372.45001220703125,366.55999755859375,372.2900085449219,372.2900085449219,21443300,-0.0015822686391459007,1.95001220703125,367.6999991280692
MSFT,2026-04-08,384.9800109863281,385.0,371.4100036621094,374.3299865722656,374.3299865722656,33064800,0.005479540091115842,-10.6500244140625,370.2085702078683
MSFT,2026-04-09,372.5,373.5,367.04998779296875,373.07000732421875,373.07000732421875,30435300,-0.0033659586280663234,0.57000732421875,372.2242867606027
MSFT,2026-04-10,372.9800109863281,375.6400146484375,370.0299987792969,370.8699951171875,370.8699951171875,28111100,-0.005897049250381925,-2.110015869140625,372.3242841448103
MSFT,2026-04-13,373.6099853515625,384.5400085449219,371.0199890136719,384.3699951171875,384.3699951171875,35745800,0.036400895671633515,10.760009765625,374.4671412876674
MSFT,2026-04-14,387.9200134277344,394.69000244140625,386.5199890136719,393.1099853515625,393.1099853515625,37504500,0.022738482049594833,5.189971923828125,377.2742832728795
MSFT,2026-04-15,398.0,414.3699951171875,396.7300109863281,411.2200012207031,411.2200012207031,45063400,0.04606857252161789,13.220001220703125,382.75142560686385
MSFT,2026-04-16,419.8599853515625,420.82000732421875,412.1400146484375,420.260009765625,420.260009765625,41642400,0.0219833872819577,0.4000244140625,389.60428292410717
MSFT,2026-04-17,424.82000732421875,431.5799865722656,420.69000244140625,422.7900085449219,422.7900085449219,48568200,0.0060200797613549906,-2.029998779296875,396.5271432059152
MSFT,2026-04-20,421.1499938964844,423.3299865722656,416.29998779296875,418.07000732421875,418.07000732421875,27582200,-0.011163937475598185,-3.079986572265625,402.9557146344866
MSFT,2026-04-21,420.239990234375,427.17999267578125,417.20001220703125,424.1600036621094,424.1600036621094,32048500,0.014566929536200313,3.920013427734375,410.5685729980469
MSFT,2026-04-22,426.19000244140625,433.70001220703125,423.6700134277344,432.9200134277344,432.9200134277344,29378200,0.02065260677572822,6.730010986328125,417.50428989955356
MSFT,2026-04-23,419.8900146484375,423.6600036621094,411.4100036621094,415.75,415.75,38308000,-0.03966093711350327,-4.1400146484375,420.7385777064732
MSFT,2026-04-24,416.9700012207031,424.95001220703125,415.79998779296875,424.6199951171875,424.6199951171875,27457400,0.021334925116506254,7.649993896484375,422.6528625488281
MSFT,2026-04-27,422.3800048828125,427.1099853515625,417.07000732421875,424.82000732421875,424.82000732421875,30867300,0.00047103812663373823,2.44000244140625,423.3042907714844
MSFT,2026-04-28,424.57000732421875,429.9200134277344,421.8999938964844,429.25,429.25,30438100,0.01042792853303709,4.67999267578125,424.2271466936384
MSFT,2026-04-29,424.5799865722656,426.82000732421875,420.2900085449219,424.4599914550781,424.4599914550781,38288300,-0.011159018159398681,-0.1199951171875,425.14000156947543
MSFT,2026-04-30,410.80999755859375,414.4200134277344,398.010009765625,407.7799987792969,407.7799987792969,70909400,-0.039296972651300055,-3.029998779296875,422.8000008719308
MSFT,2026-05-01,412.79998779296875,417.1099853515625,410.44000244140625,414.44000244140625,414.44000244140625,31372400,0.016332345093055922,1.6400146484375,420.15999930245533
MSFT,2026-05-04,411.5400085449219,420.7799987792969,410.79998779296875,413.6199951171875,413.6199951171875,28066500,-0.001978591157678289,2.079986572265625,419.855712890625
MSFT,2026-05-05,415.32000732421875,416.7799987792969,408.79998779296875,411.3800048828125,411.3800048828125,25700900,-0.005415575312649912,-3.94000244140625,417.9642857142857
MSFT,2026-05-06,408.0,418.4200134277344,405.1099853515625,413.9599914550781,413.9599914550781,30285900,0.006271541012307091,5.959991455078125,416.41285487583707
MSFT,2026-05-07,420.1099853515625,427.9800109863281,418.760009765625,420.7699890136719,420.7699890136719,34942400,0.01645085925974743,0.660003662109375,415.201424734933
MSFT,2026-05-08,417.3900146484375,418.6300048828125,414.0,415.1199951171875,415.1199951171875,33383800,-0.013427749231185726,-2.27001953125,413.8671395438058
MSFT,2026-05-11,407.8699951171875,412.69000244140625,405.5,412.6600036621094,412.6600036621094,35657900,-0.005925976787467646,4.790008544921875,414.5642830984933
MSFT,2026-05-12,414.4800109863281,415.5,406.6400146484375,407.7699890136719,407.7699890136719,38594200,-0.01184998450308139,-6.71002197265625,413.6114240373884
MSFT,2026-05-13,403.20001220703125,406.30999755859375,401.0299987792969,405.2099914550781,405.2099914550781,29667100,-0.006278043082047158,2.009979248046875,412.40999494280135
MSFT,2026-05-14,404.4800109863281,411.8399963378906,400.8800048828125,409.42999267578125,409.42999267578125,27027600,0.010414356283638071,4.949981689453125,412.1314217703683
NVDA,2025-05-15,134.2899932861328,136.3000030517578,132.66000366210938,134.8300018310547,134.79823303222656,226632600,,0.540008544921875,
NVDA,2025-05-16,136.22000122070312,136.35000610351562,133.4600067138672,135.39999389648438,135.36810302734375,226542500,0.004227486892300902,-0.82000732421875,
NVDA,2025-05-19,132.38999938964844,135.8699951171875,132.38999938964844,135.57000732421875,135.53805541992188,193154600,0.001255638370739831,3.1800079345703125,
NVDA,2025-05-20,134.2899932861328,134.5800018310547,132.6199951171875,134.3800048828125,134.34832763671875,161514200,-0.008777770724466616,0.0900115966796875,
NVDA,2025-05-21,133.05999755859375,137.39999389648438,130.58999633789062,131.8000030517578,131.76895141601562,270608700,-0.01919929853630087,-1.2599945068359375,
NVDA,2025-05-22,132.22999572753906,134.25,131.5500030517578,132.8300018310547,132.7987060546875,187344000,0.007814861573959053,0.600006103515625,
NVDA,2025-05-23,130.0,132.67999267578125,129.16000366210938,131.2899932861328,131.25906372070312,198821300,-0.011593830638356839,1.2899932861328125,133.72857230050224
NVDA,2025-05-27,134.14999389648438,135.66000366210938,133.30999755859375,135.5,135.4680633544922,192953600,0.032066470631100685,1.350006103515625,133.82428632463728
NVDA,2025-05-28,136.02999877929688,137.25,134.7899932861328,134.80999755859375,134.7782440185547,304021100,-0.005092268940267486,-1.220001220703125,133.74000113351005
NVDA,2025-05-29,142.25,143.49000549316406,137.91000366210938,139.19000244140625,139.15721130371094,369241900,0.0324902081606282,-3.05999755859375,134.25714329310827
NVDA,2025-05-30,138.72000122070312,139.6199951171875,132.9199981689453,135.1300048828125,135.09817504882812,333170900,-0.0291687440719951,-3.589996337890625,134.3642861502511
NVDA,2025-06-02,135.49000549316406,138.1199951171875,135.39999389648438,137.3800048828125,137.34764099121094,197663100,0.01665063212238649,1.8899993896484375,135.16142926897322
NVDA,2025-06-03,138.77999877929688,142.0,137.9499969482422,141.22000122070312,141.1867218017578,225578800,0.027951639259047978,2.44000244140625,136.36000061035156
NVDA,2025-06-04,142.19000244140625,142.38999938964844,139.5399932861328,141.9199981689453,141.88656616210938,167120800,0.004956783332328518,-0.2700042724609375,137.87857273646765
NVDA,2025-06-05,142.1699981689453,144.0,138.8300018310547,139.99000549316406,139.95701599121094,231397900,-0.01359915939037526,-2.17999267578125,138.52000209263392
NVDA,2025-06-06,142.50999450683594,143.27000427246094,141.50999450683594,141.72000122070312,141.6865997314453,153986200,0.012357994568573227,-0.7899932861328125,139.50714547293526
NVDA,2025-06-09,143.19000244140625,145.0,141.94000244140625,142.6300048828125,142.59640502929688,185114500,0.006421137837080648,-0.55999755859375,139.99857439313615
NVDA,2025-06-10,142.69000244140625,144.2899932861328,141.52999877929688,143.9600067138672,143.92608642578125,155881900,0.009324838992661011,1.2700042724609375,141.26000322614397
NVDA,2025-06-11,144.61000061035156,144.99000549316406,141.8699951171875,142.8300018310547,142.80625915527344,167694000,-0.007849436163604007,-1.779998779296875,142.03857421875
NVDA,2025-06-12,141.97000122070312,145.0,141.85000610351562,145.0,144.9759063720703,162365000,0.01519287363387467,3.029998779296875,142.57857404436385
NVDA,2025-06-13,142.47999572753906,143.5800018310547,140.85000610351562,141.97000122070312,141.94639587402344,180820600,-0.02089654330549573,-0.5099945068359375,142.5857173374721
NVDA,2025-06-16,143.35000610351562,146.17999267578125,143.1999969482422,144.69000244140625,144.66595458984375,183133700,0.019158985682296903,1.339996337890625,143.25714547293526
NVDA,2025-06-17,144.49000549316406,145.22000122070312,143.77999877929688,144.1199951171875,144.09603881835938,139108000,-0.003939507323248437,-0.3700103759765625,143.6000017438616
NVDA,2025-06-18,144.00999450683594,145.64999389648438,143.1199951171875,145.47999572753906,145.455810546875,161494100,0.009436585181991752,1.470001220703125,144.00714329310827
NVDA,2025-06-20,145.4499969482422,146.1999969482422,142.64999389648438,143.85000610351562,143.8260955810547,242956200,-0.011204218256069765,-1.5999908447265625,143.9914289202009
NVDA,2025-06-23,142.5,144.77999877929688,142.02999877929688,144.1699981689453,144.1460418701172,154308900,0.0022244841977929752,1.6699981689453125,144.182856968471
NVDA,2025-06-24,145.55999755859375,147.9600067138672,145.5,147.89999389648438,147.87539672851562,187566100,0.02587220486170838,2.339996337890625,144.5971418108259
NVDA,2025-06-25,149.27000427246094,154.4499969482422,149.25999450683594,154.30999755859375,154.28436279296875,269146500,0.04334012120781927,5.0399932861328125,146.35999843052454
NVDA,2025-06-26,155.97999572753906,156.72000122070312,154.0,155.02000427246094,154.99423217773438,198145700,0.00460117118203951,-0.959991455078125,147.83571297781808
NVDA,2025-06-27,156.0399932861328,158.7100067138672,155.25999450683594,157.75,157.72378540039062,263234500,0.01761060284026872,1.7100067138671875,149.78285653250558
NVDA,2025-06-30,158.39999389648438,158.66000366210938,155.9600067138672,157.99000549316406,157.96376037597656,194580300,0.0015214294336867162,-0.4099884033203125,151.57000078473772
NVDA,2025-07-01,156.2899932861328,157.1999969482422,151.49000549316406,153.3000030517578,153.2745361328125,213143600,-0.029685437548827576,-2.989990234375,152.92000034877233
NVDA,2025-07-02,152.97999572753906,157.60000610351562,152.97000122070312,157.25,157.22386169433594,171224100,0.025766450551919284,4.2700042724609375,154.78857203892298
NVDA,2025-07-03,158.3699951171875,160.97999572753906,157.77000427246094,159.33999633789062,159.3135223388672,143716100,0.013290914708366408,0.970001220703125,156.42285810198103
NVDA,2025-07-07,158.1999969482422,159.30999755859375,157.33999633789062,158.24000549316406,158.21371459960938,140139000,-0.006903419543163314,0.040008544921875,156.98428780691964
NVDA,2025-07-08,159.3300018310547,160.22000122070312,158.38999938964844,160.0,159.97340393066406,138133000,0.011122310703610028,0.6699981689453125,157.69571576799666
NVDA,2025-07-09,161.22000122070312,164.4199981689453,161.16000366210938,162.8800048828125,162.85293579101562,183656400,0.018000030517578036,1.660003662109375,158.42857360839844
NVDA,2025-07-10,164.32000732421875,164.5,161.61000061035156,164.10000610351562,164.07273864746094,167704100,0.007490184087241891,-0.220001220703125,159.30143083844865
NVDA,2025-07-11,163.72000122070312,167.88999938964844,163.47000122070312,164.9199981689453,164.89259338378906,193633300,0.004996904539494196,1.1999969482421875,160.961430140904
NVDA,2025-07-14,165.3699951171875,165.49000549316406,162.02000427246094,164.07000732421875,164.04273986816406,136975800,-0.005153958611228138,-1.29998779296875,161.9357169015067
NVDA,2025-07-15,171.19000244140625,172.39999389648438,169.1999969482422,170.6999969482422,170.671630859375,230627400,0.04040951623121414,-0.4900054931640625,163.55857413155692
NVDA,2025-07-16,171.05999755859375,171.75,168.89999389648438,171.3699951171875,171.34152221679688,158831500,0.003925003989006859,0.30999755859375,165.43428693498885
NVDA,2025-07-17,172.02000427246094,174.16000366210938,170.8300018310547,173.0,172.97125244140625,160841100,0.009511611888054494,0.9799957275390625,167.2914297921317
NVDA,2025-07-18,173.63999938964844,174.25,171.25999450683594,172.41000366210938,172.38134765625,146456400,-0.003410383456015187,-1.2299957275390625,168.6528581891741
NVDA,2025-07-21,172.75,173.3800048828125,171.0,171.3800048828125,171.35153198242188,123126100,-0.005974124223762978,-1.3699951171875,169.69285801478796
NVDA,2025-07-22,171.33999633789062,171.38999938964844,164.5800018310547,167.02999877929688,167.00225830078125,193114300,-0.025382226511722283,-4.30999755859375,169.9942866734096
NVDA,2025-07-23,169.52999877929688,171.25999450683594,167.97000122070312,170.77999877929688,170.75161743164062,154082200,0.022451056860480545,1.25,170.9528568812779
NVDA,2025-07-24,172.44000244140625,173.8300018310547,171.3000030517578,173.74000549316406,173.7111358642578,128984600,0.01733227974601692,1.3000030517578125,171.38714381626673
NVDA,2025-07-25,173.61000061035156,174.72000122070312,172.9600067138672,173.5,173.47117614746094,122316800,-0.001381406041071509,-0.1100006103515625,171.6914302280971
NVDA,2025-07-28,174.02000427246094,177.0,173.97000122070312,176.75,176.7206268310547,140023500,0.018731988472622474,2.7299957275390625,172.2271445138114
NVDA,2025-07-29,177.9600067138672,179.3800048828125,175.02000427246094,175.50999450683594,175.48081970214844,154077500,-0.007015589777448761,-2.45001220703125,172.67000034877233
NVDA,2025-07-30,176.50999450683594,179.88999938964844,176.0399932861328,179.27000427246094,179.24021911621094,174312200,0.021423337036675427,2.760009765625,173.7971431187221
NVDA,2025-07-31,182.89999389648438,183.3000030517578,175.92999267578125,177.8699951171875,177.84043884277344,221685400,-0.007809500317440987,-5.029998779296875,175.34571402413505
NVDA,2025-08-01,174.08999633789062,176.5399932861328,170.88999938964844,173.72000122070312,173.69113159179688,204529000,-0.023331613034284993,-0.3699951171875,175.76571437290735
NVDA,2025-08-04,175.16000366210938,180.1999969482422,174.52000427246094,180.0,179.9700927734375,148174600,0.036150119359707134,4.839996337890625,176.65999930245536
NVDA,2025-08-05,179.6199951171875,180.25999450683594,175.89999389648438,178.25999450683594,178.23037719726562,156407600,-0.009666697184244843,-1.3600006103515625,177.33999851771765
NVDA,2025-08-06,176.3300018310547,179.89999389648438,176.25,179.4199981689453,179.3901824951172,137192300,0.006507369560503795,3.089996337890625,177.72142682756697
NVDA,2025-08-07,181.57000732421875,183.8800048828125,178.8000030517578,180.77000427246094,180.73997497558594,151878400,0.0075242788835858665,-0.8000030517578125,178.47285679408483
NVDA,2025-08-08,181.5500030517578,183.3000030517578,180.39999389648438,182.6999969482422,182.66964721679688,123396700,0.010676509543432466,1.149993896484375,178.96285574776786
NVDA,2025-08-11,182.0500030517578,183.83999633789062,180.25,182.05999755859375,182.0297393798828,138323200,-0.0035030071173440813,0.0099945068359375,179.5614275251116
NVDA,2025-08-12,182.9600067138672,184.47999572753906,179.4600067138672,183.16000366210938,183.1295623779297,145485700,0.006041997793400977,0.1999969482421875,180.90999930245536
NVDA,2025-08-13,182.6199951171875,183.97000122070312,179.35000610351562,181.58999633789062,181.55982971191406,179871700,-0.008571780371412707,-1.029998779296875,181.13714163643974
NVDA,2025-08-14,179.75,183.02000427246094,179.4600067138672,182.02000427246094,181.98974609375,129554000,0.0023680155473442266,2.2700042724609375,181.67428588867188
NVDA,2025-08-15,181.8800048828125,181.89999389648438,178.0399932861328,180.4499969482422,180.42001342773438,156602200,-0.00862546581346435,-1.4300079345703125,181.82142857142858
NVDA,2025-08-18,180.60000610351562,182.94000244140625,180.58999633789062,182.00999450683594,181.979736328125,132008000,0.008645040648247893,1.4099884033203125,181.99857003348214
NVDA,2025-08-19,182.42999267578125,182.5,175.49000549316406,175.63999938964844,175.61080932617188,185229200,-0.0349980512578294,-6.7899932861328125,180.98999895368303
NVDA,2025-08-20,175.1699981689453,176.0,168.8000030517578,175.39999389648438,175.370849609375,215142700,-0.0013664626167051441,0.2299957275390625,180.038569859096
NVDA,2025-08-21,174.85000610351562,176.89999389648438,173.80999755859375,174.97999572753906,174.95091247558594,140040900,-0.002394516439910399,0.1299896240234375,178.86999729701452
NVDA,2025-08-22,172.61000061035156,178.58999633789062,171.1999969482422,177.99000549316406,177.96043395996094,172789400,0.017202022168933517,5.3800048828125,178.355712890625
NVDA,2025-08-25,178.35000610351562,181.91000366210938,176.57000732421875,179.80999755859375,179.78012084960938,163012800,0.010225248661501984,1.459991455078125,178.03999764578683
NVDA,2025-08-26,180.05999755859375,182.38999938964844,178.80999755859375,181.77000427246094,181.7397918701172,168688200,0.010900432347920486,1.7100067138671875,178.22857012067522
NVDA,2025-08-27,181.97999572753906,182.49000549316406,179.10000610351562,181.60000610351562,181.56983947753906,235518900,-0.0009352377452249705,-0.3799896240234375,178.17000034877233
NVDA,2025-08-28,180.82000732421875,184.47000122070312,176.41000366210938,180.1699981689453,180.1400604248047,281787800,-0.007874492767115715,-0.6500091552734375,178.817143031529
NVDA,2025-08-29,178.11000061035156,178.14999389648438,173.14999389648438,174.17999267578125,174.1510467529297,243257900,-0.033246409247044806,-3.9300079345703125,178.64285714285714
NVDA,2025-09-02,170.0,172.3800048828125,167.22000122070312,170.77999877929688,170.75161743164062,231164900,-0.019520002522982804,0.779998779296875,178.04285757882255
NVDA,2025-09-03,171.05999755859375,172.41000366210938,168.8800048828125,170.6199951171875,170.59165954589844,164424900,-0.0009368993046788843,-0.44000244140625,176.98999895368303
NVDA,2025-09-04,170.57000732421875,171.86000061035156,169.41000366210938,171.66000366210938,171.63148498535156,141670100,0.006095466971544283,1.089996337890625,175.82571411132812
NVDA,2025-09-05,168.02999877929688,169.02999877929688,164.07000732421875,167.02000427246094,166.9922637939453,224441400,-0.027030171796929903,-1.0099945068359375,173.71857125418526
NVDA,2025-09-08,167.5500030517578,170.9600067138672,167.35000610351562,168.30999755859375,168.2820281982422,163769100,0.007723585517507514,0.7599945068359375,171.81999860491072
NVDA,2025-09-09,169.08999633789062,170.97999572753906,166.74000549316406,170.75999450683594,170.7316131591797,157548400,0.014556455253879275,1.6699981689453125,170.4757123674665
NVDA,2025-09-10,176.63999938964844,179.2899932861328,175.47000122070312,177.3300018310547,177.300537109375,226852000,0.0384750968351415,0.69000244140625,170.92571367536272
NVDA,2025-09-11,179.67999267578125,180.27999877929688,176.47999572753906,177.1699981689453,177.1505584716797,151159300,-0.00090229324117308,-2.5099945068359375,171.83857073102678
NVDA,2025-09-12,177.77000427246094,178.60000610351562,176.4499969482422,177.82000732421875,177.80047607421875,124911000,0.003668844397986648,0.0500030517578125,172.86714390345983
NVDA,2025-09-15,175.6699981689453,178.85000610351562,174.50999450683594,177.75,177.73049926757812,147061600,-0.00039369767931174415,2.0800018310546875,173.73714338030135
NVDA,2025-09-16,177.0,177.5,174.3800048828125,174.8800048828125,174.86080932617188,140737800,-0.016146245385021074,-2.1199951171875,174.86000061035156
NVDA,2025-09-17,172.63999938964844,173.1999969482422,168.41000366210938,170.2899932861328,170.27130126953125,211843800,-0.026246634655319623,-2.350006103515625,175.14285714285714
NVDA,2025-09-18,173.97999572753906,177.10000610351562,172.9600067138672,176.24000549316406,176.2206573486328,191763300,0.03494046885675561,2.260009765625,175.92571585518974
NVDA,2025-09-19,175.77000427246094,178.0800018310547,175.17999267578125,176.6699981689453,176.6505889892578,237182100,0.0024398131092768782,0.899993896484375,175.83142961774553
NVDA,2025-09-22,175.3000030517578,184.5500030517578,174.7100067138672,183.61000061035156,183.58984375,269637000,0.03928229191902566,8.30999755859375,176.75142996651786
NVDA,2025-09-23,181.97000122070312,182.4199981689453,176.2100067138672,178.42999267578125,178.410400390625,192559600,-0.028212014146021813,-3.540008544921875,176.83857073102678
NVDA,2025-09-24,179.77000427246094,179.77999877929688,175.39999389648438,176.97000122070312,176.9505615234375,143564100,-0.008182432970958109,-2.8000030517578125,176.72714233398438
NVDA,2025-09-25,174.47999572753906,180.25999450683594,173.1300048828125,177.69000244140625,177.67050170898438,191586700,0.004068493053832389,3.2100067138671875,177.12857055664062
NVDA,2025-09-26,178.1699981689453,179.77000427246094,174.92999267578125,178.19000244140625,178.17044067382812,148573700,0.0028138893192084513,0.0200042724609375,178.25714329310827
NVDA,2025-09-29,180.42999267578125,184.0,180.32000732421875,181.85000610351562,181.83004760742188,193063500,0.02053989343938012,1.420013427734375,179.0585719517299
NVDA,2025-09-30,182.0800018310547,187.35000610351562,181.47999572753906,186.5800018310547,186.55950927734375,236981000,0.026010423804146532,4.5,180.47428676060267
NVDA,2025-10-01,185.24000549316406,188.13999938964844,183.89999389648438,187.24000549316406,187.21945190429688,173844900,0.003537376222704669,2.0,180.99285888671875
NVDA,2025-10-02,189.60000610351562,191.0500030517578,188.05999755859375,188.88999938964844,188.8692626953125,136805800,0.008812186755381202,-0.7100067138671875,182.48714556012834
NVDA,2025-10-03,189.19000244140625,190.36000061035156,185.3800048828125,187.6199951171875,187.5994110107422,137596900,-0.0067235125023275,-1.57000732421875,184.0085732596261
NVDA,2025-10-06,185.5,187.22999572753906,183.3300018310547,185.5399932861328,185.51962280273438,157678100,-0.011086248188821868,0.0399932861328125,185.1300005231585
NVDA,2025-10-07,186.22999572753906,189.05999755859375,184.0,185.0399932861328,185.01968383789062,140088000,-0.002694836790410604,-1.19000244140625,186.1085706438337
NVDA,2025-10-08,186.57000732421875,189.60000610351562,186.5399932861328,189.11000061035156,189.0892333984375,130168900,0.02199528465138445,2.5399932861328125,187.14571271623885
NVDA,2025-10-09,192.22999572753906,195.3000030517578,191.05999755859375,192.57000732421875,192.54885864257812,182997200,0.018296265150970603,0.3400115966796875,188.00142778669084
NVDA,2025-10-10,193.50999450683594,195.6199951171875,182.0500030517578,183.16000366210938,183.139892578125,268774400,-0.04886536482426518,-10.349990844726562,187.41857038225447
NVDA,2025-10-13,187.97000122070312,190.11000061035156,185.9600067138672,188.32000732421875,188.29933166503906,153482800,0.028172109406748413,0.350006103515625,187.33714294433594
NVDA,2025-10-14,184.77000427246094,184.8000030517578,179.6999969482422,180.02999877929688,180.01022338867188,205641400,-0.04402085929536681,-4.7400054931640625,186.2528577532087
NVDA,2025-10-15,184.8000030517578,184.8699951171875,177.2899932861328,179.8300018310547,179.8102569580078,214450500,-0.0011109090129327592,-4.970001220703125,185.43714468819755
NVDA,2025-10-16,182.22999572753906,183.27999877929688,179.77000427246094,181.80999755859375,181.7900390625,179723300,0.011010374839450998,-0.4199981689453125,184.97571672712053
NVDA,2025-10-17,180.17999267578125,184.10000610351562,179.75,183.22000122070312,183.19989013671875,173135200,0.007755369237354204,3.040008544921875,184.13428824288505
NVDA,2025-10-20,183.1300048828125,185.1999969482422,181.72999572753906,182.63999938964844,182.6199493408203,128544700,-0.0031656032485013474,-0.4900054931640625,182.71571568080358
NVDA,2025-10-21,182.7899932861328,182.7899932861328,179.8000030517578,181.16000366210938,181.14010620117188,124240200,-0.008103349389427028,-1.6299896240234375,182.43000139508928
NVDA,2025-10-22,181.13999938964844,183.44000244140625,176.75999450683594,180.27999877929688,180.2602081298828,162249600,-0.00485761131057294,-0.8600006103515625,181.28142874581474
NVDA,2025-10-23,180.4199981689453,183.02999877929688,179.7899932861328,182.16000366210938,182.13999938964844,111363700,0.010428249919804289,1.7400054931640625,181.5857151576451
NVDA,2025-10-24,183.83999633789062,187.47000122070312,183.5,186.25999450683594,186.23953247070312,131296700,0.02250763483915863,2.4199981689453125,182.50428553989954
NVDA,2025-10-27,189.99000549316406,192.0,188.42999267578125,191.49000549316406,191.46897888183594,153452700,0.028079089125798262,1.5,183.88714381626673
NVDA,2025-10-28,193.0500030517578,203.14999389648438,191.91000366210938,201.02999877929688,201.0079345703125,297986200,0.049819797443545255,7.9799957275390625,186.43142918178015
NVDA,2025-10-29,207.97999572753906,212.19000244140625,204.77999877929688,207.0399932861328,207.01727294921875,308829600,0.029896008274039154,-0.94000244140625,189.9171425955636
NVDA,2025-10-30,205.14999389648438,206.16000366210938,201.41000366210938,202.88999938964844,202.8677215576172,178864400,-0.020044407027916655,-2.2599945068359375,193.02142769949776
NVDA,2025-10-31,206.4499969482422,207.97000122070312,202.07000732421875,202.49000549316406,202.4677734375,179802200,-0.0019714815796129104,-3.959991455078125,196.1942858014788
NVDA,2025-11-03,208.0800018310547,211.33999633789062,205.55999755859375,206.8800048828125,206.85728454589844,180267300,0.02168007936469052,-1.1999969482421875,199.72571454729353
NVDA,2025-11-04,203.0,203.97000122070312,197.92999267578125,198.69000244140625,198.66818237304688,188919300,-0.03958817792007252,-4.30999755859375,201.50142996651786
NVDA,2025-11-05,198.77000427246094,202.9199981689453,194.64999389648438,195.2100067138672,195.18858337402344,171350300,-0.017514699706973502,-3.55999755859375,202.0328587123326
NVDA,2025-11-06,196.4199981689453,197.6199951171875,186.3800048828125,188.0800018310547,188.05935668945312,223029800,-0.03652479195527836,-8.339996337890625,200.18285914829798
NVDA,2025-11-07,184.89999389648438,188.32000732421875,178.91000366210938,188.14999389648438,188.1293487548828,264942300,0.000372139859359244,3.25,197.48428780691964
NVDA,2025-11-10,195.11000061035156,199.94000244140625,193.7899932861328,199.0500030517578,199.0281524658203,198897100,0.0579325512031128,3.94000244140625,196.9357169015067
NVDA,2025-11-11,195.16000366210938,195.4199981689453,191.3000030517578,193.16000366210938,193.1387939453125,176483300,-0.02959055161690649,-2.0,195.6028594970703
NVDA,2025-11-12,195.72000122070312,195.88999938964844,191.1300048828125,193.8000030517578,193.7787322998047,154935300,0.003313312163567561,-1.9199981689453125,193.73428780691964
NVDA,2025-11-13,191.0500030517578,191.44000244140625,183.85000610351562,186.86000061035156,186.8394775390625,207423100,-0.03581012555274732,-4.19000244140625,192.0442875453404
NVDA,2025-11-14,182.86000061035156,191.00999450683594,180.5800018310547,190.1699981689453,190.14910888671875,186591900,0.01771378330184148,7.30999755859375,191.32428632463728
NVDA,2025-11-17,185.97000122070312,189.0,184.32000732421875,186.60000610351562,186.5795135498047,173628900,-0.018772635535591387,0.6300048828125,191.11285836356026
NVDA,2025-11-18,183.3800048828125,184.8000030517578,179.64999389648438,181.36000061035156,181.340087890625,213598900,-0.028081486183109683,-2.0200042724609375,190.14285932268416
NVDA,2025-11-19,184.7899932861328,187.86000061035156,182.8300018310547,186.52000427246094,186.49952697753906,247246400,0.028451718376399482,1.730010986328125,188.3528594970703
NVDA,2025-11-20,195.9499969482422,196.0,179.85000610351562,180.63999938964844,180.6201629638672,343504800,-0.03152479491810023,-15.30999755859375,186.56428745814733
NVDA,2025-11-21,181.24000549316406,184.55999755859375,172.92999267578125,178.8800048828125,178.86036682128906,346926200,-0.009743105141622355,-2.3600006103515625,184.43285914829798
NVDA,2025-11-24,179.49000549316406,183.5,176.47999572753906,182.5500030517578,182.52996826171875,256618300,0.02051653660983299,3.05999755859375,183.81714521135603
NVDA,2025-11-25,174.91000366210938,178.16000366210938,169.5500030517578,177.82000732421875,177.80047607421875,320600300,-0.02591068555719489,2.910003662109375,182.0528608049665
NVDA,2025-11-26,181.6300048828125,182.91000366210938,178.24000549316406,180.25999450683594,180.24020385742188,183852000,0.013721668440651813,-1.3700103759765625,181.1471448625837
NVDA,2025-11-28,179.00999450683594,179.2899932861328,176.5,177.0,176.98056030273438,121332800,-0.018084958427713183,-2.0099945068359375,180.5242876325335
NVDA,2025-12-01,174.75999450683594,180.3000030517578,173.67999267578125,179.9199981689453,179.90025329589844,188131000,0.016497164796301256,5.160003662109375,179.58142961774553
NVDA,2025-12-02,181.75999450683594,185.66000366210938,180.0,181.4600067138672,181.44007873535156,182632200,0.008559407295434696,-0.29998779296875,179.69857352120536
NVDA,2025-12-03,181.0800018310547,182.4499969482422,179.11000061035156,179.58999633789062,179.57028198242188,165138000,-0.01030535824307155,-1.4900054931640625,179.8000008719308
NVDA,2025-12-04,181.6199951171875,184.52000427246094,179.9600067138672,183.3800048828125,183.37008666992188,167364900,0.021103672933937556,1.760009765625,179.91857256208147
NVDA,2025-12-05,183.88999938964844,184.66000366210938,180.91000366210938,182.41000366210938,182.40013122558594,143971100,-0.0052895691726204674,-1.4799957275390625,180.57428632463728
NVDA,2025-12-08,182.63999938964844,188.0,182.39999389648438,185.5500030517578,185.5399627685547,204378100,0.01721396484079274,2.910003662109375,181.3300018310547
NVDA,2025-12-09,185.55999755859375,185.72000122070312,183.32000732421875,184.97000122070312,184.95999145507812,144719700,-0.0031258519079242486,-0.589996337890625,182.46857343401228
NVDA,2025-12-10,184.97000122070312,185.47999572753906,182.0399932861328,183.77999877929688,183.77005004882812,162785400,-0.006433488855235314,-1.19000244140625,183.02000209263392
NVDA,2025-12-11,180.27999877929688,181.32000732421875,176.6199951171875,180.92999267578125,180.92019653320312,182136600,-0.015507705530775517,0.649993896484375,182.9442858014788
NVDA,2025-12-12,181.11000061035156,182.82000732421875,174.6199951171875,175.02000427246094,175.01052856445312,204274900,-0.032664503634346365,-6.089996337890625,182.2914297921317
NVDA,2025-12-15,177.94000244140625,178.4199981689453,175.02999877929688,176.2899932861328,176.28045654296875,164775600,0.007256250615185866,-1.6500091552734375,181.27857099260603
NVDA,2025-12-16,176.25999450683594,178.49000549316406,174.89999389648438,177.72000122070312,177.71038818359375,148588100,0.00811167955658898,1.4600067138671875,180.6085706438337
NVDA,2025-12-17,176.10000610351562,176.1300048828125,170.30999755859375,170.94000244140625,170.93075561523438,222775500,-0.038149891586355955,-5.160003662109375,178.52142769949776
NVDA,2025-12-18,174.52999877929688,176.14999389648438,171.82000732421875,174.13999938964844,174.1305694580078,176096000,0.018720000599854014,-0.3899993896484375,176.97428458077567
NVDA,2025-12-19,176.6699981689453,181.4499969482422,176.33999633789062,180.99000549316406,180.98020935058594,324925900,0.03933620149032113,4.32000732421875,176.57571411132812
NVDA,2025-12-22,183.9199981689453,184.16000366210938,182.35000610351562,183.69000244140625,183.6800537109375,129064400,0.014917933953784823,-0.2299957275390625,176.97000122070312
NVDA,2025-12-23,182.97000122070312,189.3300018310547,182.89999389648438,189.2100067138672,189.19976806640625,174873600,0.030050651636426062,6.2400054931640625,178.9971444266183
NVDA,2025-12-24,187.94000244140625,188.91000366210938,186.58999633789062,188.61000061035156,188.59979248046875,65528500,-0.003171111898024437,0.6699981689453125,180.75714547293526
NVDA,2025-12-26,189.9199981689453,192.69000244140625,188.0,190.52999877929688,190.51968383789062,139740300,0.010179726222003582,0.6100006103515625,182.58714512416296
NVDA,2025-12-29,187.7100067138672,188.75999450683594,185.91000366210938,188.22000122070312,188.20980834960938,120006100,-0.012124062212741427,0.5099945068359375,185.05571637834822
NVDA,2025-12-30,188.24000549316406,188.99000549316406,186.92999267578125,187.5399932861328,187.52984619140625,97687300,-0.003612835671873982,-0.70001220703125,186.97000122070312
NVDA,2025-12-31,189.57000732421875,190.55999755859375,186.49000549316406,186.5,186.4899139404297,120100500,-0.005545448029029565,-3.07000732421875,187.75714329310827
NVDA,2026-01-02,189.83999633789062,192.92999267578125,188.25999450683594,188.85000610351562,188.83978271484375,148240500,0.012600568919654886,-0.989990234375,188.4942866734096
NVDA,2026-01-05,191.75999450683594,193.6300048828125,186.14999389648438,188.1199951171875,188.1098175048828,183529700,-0.0038655597709008616,-3.6399993896484375,188.33857073102678
NVDA,2026-01-06,190.52000427246094,192.1699981689453,186.82000732421875,187.24000549316406,187.22987365722656,176862600,-0.0046778101576882,-3.279998779296875,188.14285714285714
NVDA,2026-01-07,188.57000732421875,191.3699951171875,186.55999755859375,189.11000061035156,189.09976196289062,153543200,0.009987155855193386,0.5399932861328125,187.94000026157923
NVDA,2026-01-08,189.11000061035156,189.5500030517578,183.7100067138672,185.0399932861328,185.0299835205078,172457000,-0.021521904241355916,-4.07000732421875,187.4857134137835
NVDA,2026-01-09,185.0800018310547,186.33999633789062,183.6699981689453,184.86000061035156,184.84999084472656,131327500,-0.0009727230993946678,-0.220001220703125,187.1028573172433
NVDA,2026-01-12,183.22000122070312,187.1199951171875,183.02000427246094,184.94000244140625,184.92999267578125,137968500,0.00043276983009055137,1.720001220703125,186.8800005231585
NVDA,2026-01-13,185.0,188.11000061035156,183.39999389648438,185.80999755859375,185.79994201660156,160128900,0.0047042019341549945,0.80999755859375,186.44571358816964
NVDA,2026-01-14,184.32000732421875,184.4600067138672,180.8000030517578,183.13999938964844,183.1300811767578,159586100,-0.014369507583160801,-1.1800079345703125,185.73428562709265
NVDA,2026-01-15,186.5,189.6999969482422,186.3300018310547,187.0500030517578,187.03988647460938,206188600,0.021349807115541353,0.5500030517578125,185.70714242117745
NVDA,2026-01-16,189.0800018310547,190.44000244140625,186.0800018310547,186.22999572753906,186.21990966796875,187967200,-0.004383893669287153,-2.850006103515625,185.29571315220423
NVDA,2026-01-20,181.89999389648438,182.3800048828125,177.61000061035156,178.07000732421875,178.06036376953125,223345300,-0.04381672442960616,-3.829986572265625,184.3000008719308
NVDA,2026-01-21,179.0500030517578,185.3800048828125,178.39999389648438,183.32000732421875,183.31008911132812,200381000,0.029482786455111043,4.2700042724609375,184.0800018310547
NVDA,2026-01-22,184.75,186.1699981689453,183.92999267578125,184.83999633789062,184.82998657226562,139636600,0.008291451848916997,0.089996337890625,184.06571524483817
NVDA,2026-01-23,187.5,189.60000610351562,186.82000732421875,187.6699981689453,187.6598358154297,142748100,0.015310549053903832,0.1699981689453125,184.33142961774553
NVDA,2026-01-26,187.16000366210938,189.1199951171875,185.99000549316406,186.47000122070312,186.4599151611328,124799600,-0.0063941863907406304,-0.69000244140625,184.80714416503906
NVDA,2026-01-27,187.24000549316406,190.0,185.6999969482422,188.52000427246094,188.50979614257812,143711600,0.01099374182623336,1.279998779296875,185.01714433942522
NVDA,2026-01-28,191.27000427246094,192.35000610351562,189.83999633789062,191.52000427246094,191.5096435546875,148552700,0.015913430575061005,0.25,185.77285984584265
NVDA,2026-01-29,191.33999633789062,193.47999572753906,186.05999755859375,192.50999450683594,192.49957275390625,171764400,0.005169121826911649,1.1699981689453125,187.8357151576451
NVDA,2026-01-30,191.2100067138672,194.49000549316406,189.47000122070312,191.1300048828125,191.11965942382812,179489500,-0.00716840508753136,-0.0800018310546875,188.95142909458704
NVDA,2026-02-02,187.1999969482422,190.3000030517578,184.8800048828125,185.61000061035156,185.59996032714844,165794100,-0.028880888041861397,-1.589996337890625,189.0614297049386
NVDA,2026-02-03,186.24000549316406,186.27000427246094,176.22999572753906,180.33999633789062,180.33023071289062,204019600,-0.028392889688762968,-5.9000091552734375,188.0142865862165
NVDA,2026-02-04,179.4600067138672,179.5800018310547,171.91000366210938,174.19000244140625,174.18057250976562,207014100,-0.03410221815110581,-5.2700042724609375,186.26000104631697
NVDA,2026-02-05,174.92999267578125,176.82000732421875,171.02999877929688,171.8800048828125,171.87069702148438,206312900,-0.013261367048724715,-3.04998779296875,183.8828582763672
NVDA,2026-02-06,176.69000244140625,187.0,174.60000610351562,185.41000366210938,185.39996337890625,231346200,0.07871770069195438,8.720001220703125,183.01000104631697
NVDA,2026-02-09,184.25999450683594,193.66000366210938,183.9499969482422,190.0399932861328,190.0297088623047,196387400,0.024971627919608386,5.779998779296875,182.65714372907365
NVDA,2026-02-10,191.3800048828125,192.47999572753906,188.1199951171875,188.5399932861328,188.52978515625,136764800,-0.007893075420927542,-2.8400115966796875,182.28714207240515
NVDA,2026-02-11,192.4499969482422,193.25999450683594,188.77000427246094,190.0500030517578,190.0397186279297,144192700,0.008008962657240382,-2.399993896484375,182.92142813546317
NVDA,2026-02-12,193.02999877929688,193.61000061035156,186.50999450683594,186.94000244140625,186.9298858642578,189932500,-0.01636411765541823,-6.089996337890625,183.8642861502511
NVDA,2026-02-13,187.47999572753906,187.5,181.58999633789062,182.80999755859375,182.80010986328125,161888000,-0.02209267587929442,-4.6699981689453125,185.09571402413505
NVDA,2026-02-17,181.75,187.14999389648438,179.17999267578125,184.97000122070312,184.95999145507812,162276900,0.01181556638562431,3.220001220703125,186.96571350097656
NVDA,2026-02-18,188.75,190.3699951171875,186.75999450683594,187.97999572753906,187.96981811523438,164749100,0.016272879315410993,-0.7700042724609375,187.33285522460938
NVDA,2026-02-19,187.05999755859375,188.42999267578125,185.66000366210938,187.89999389648438,187.88983154296875,126554500,-0.00042558693942440495,0.839996337890625,187.02714102608817
NVDA,2026-02-20,186.57000732421875,190.3300018310547,185.94000244140625,189.82000732421875,189.8097381591797,178422300,0.010218272964884312,3.25,187.21000017438615
NVDA,2026-02-23,191.39999389648438,193.9499969482422,189.5800018310547,191.5500030517578,191.53964233398438,171584800,0.009113874516842646,0.1500091552734375,187.42428588867188
NVDA,2026-02-24,191.49000549316406,193.77000427246094,187.39999389648438,192.85000610351562,192.83956909179688,175123600,0.006786755578419568,1.3600006103515625,188.26857212611608
NVDA,2026-02-25,194.4499969482422,197.6300048828125,193.7899932861328,195.55999755859375,195.54940795898438,250637100,0.014052327556699717,1.1100006103515625,190.09000069754464
NVDA,2026-02-26,194.27000427246094,194.2899932861328,184.32000732421875,184.88999938964844,184.87998962402344,360807900,-0.05456125128938172,-9.3800048828125,190.07857186453683
NVDA,2026-02-27,181.25,182.58999633789062,176.3800048828125,177.19000244140625,177.180419921875,311636500,-0.04164636796831145,-4.05999755859375,188.53714425223214
NVDA,2026-03-02,175.00999450683594,183.4600067138672,174.63999938964844,182.47999572753906,182.47012329101562,209095300,0.02985491965260345,7.470001220703125,187.76285879952567
NVDA,2026-03-03,178.49000549316406,180.89999389648438,176.9199981689453,180.0500030517578,180.04025268554688,178099400,-0.013316488013346284,1.55999755859375,186.36714390345983
NVDA,2026-03-04,180.44000244140625,184.6999969482422,180.05999755859375,183.0399932861328,183.03009033203125,177731200,0.016606443675068805,2.5999908447265625,185.15142822265625
NVDA,2026-03-05,181.1699981689453,184.05999755859375,177.8800048828125,183.33999633789062,183.330078125,198779700,0.001639002746732121,2.1699981689453125,183.79285539899553
NVDA,2026-03-06,179.83999633789062,182.75999450683594,176.82000732421875,177.82000732421875,177.8103790283203,189021900,-0.03010793675101142,-2.019989013671875,181.2585710797991
NVDA,2026-03-09,176.8300018310547,182.91000366210938,175.55999755859375,182.64999389648438,182.64010620117188,177213600,0.027162222322143492,5.8199920654296875,180.9385702950614
NVDA,2026-03-10,182.39999389648438,186.44000244140625,182.00999450683594,184.77000427246094,184.760009765625,179118500,0.011606955635476535,2.3700103759765625,182.02142769949776
NVDA,2026-03-11,185.91000366210938,187.6199951171875,184.4499969482422,186.02999877929688,186.02999877929688,145280400,0.006819258958169261,0.1199951171875,182.52857099260603
NVDA,2026-03-12,184.0500030517578,184.94000244140625,181.75,183.13999938964844,183.13999938964844,155762700,-0.015535125563684415,-0.910003662109375,182.9699990408761
NVDA,2026-03-13,184.9199981689453,186.08999633789062,179.94000244140625,180.25,180.25,160988400,-0.015780274103308733,-4.6699981689453125,182.57142857142858
NVDA,2026-03-16,182.97000122070312,188.8800048828125,181.41000366210938,183.22000122070312,183.22000122070312,217307400,0.01647712189016981,0.25,182.55428641183036
NVDA,2026-03-17,185.05999755859375,185.39999389648438,181.67999267578125,181.92999267578125,181.92999267578125,182497800,-0.00704076266961684,-3.1300048828125,183.14142717633928
NVDA,2026-03-18,182.47999572753906,183.3800048828125,180.3300018310547,180.39999389648438,180.39999389648438,156683100,-0.00840982158463277,-2.0800018310546875,182.81999860491072
NVDA,2026-03-19,178.00999450683594,179.97999572753906,175.7899932861328,178.55999755859375,178.55999755859375,170968500,-0.010199536586162128,0.5500030517578125,181.93285478864397
NVDA,2026-03-20,178.0,178.25999450683594,171.72000122070312,172.6999969482422,172.6999969482422,241323500,-0.03281810422532416,-5.3000030517578125,180.028568812779
NVDA,2026-03-23,177.25999450683594,178.3699951171875,174.75999450683594,175.63999938964844,175.63999938964844,182836300,0.01702375502813336,-1.6199951171875,178.95714024135046
NVDA,2026-03-24,174.8300018310547,176.22000122070312,173.97999572753906,175.1999969482422,175.1999969482422,147667800,-0.002505138026276832,0.3699951171875,178.23571123395647
NVDA,2026-03-25,177.10000610351562,181.22000122070312,176.85000610351562,178.67999267578125,178.67999267578125,162602100,0.019862989658425256,1.579986572265625,177.58713858468192
NVDA,2026-03-26,176.07000732421875,176.50999450683594,171.13999938964844,171.24000549316406,171.24000549316406,186152200,-0.04163861365338872,-4.8300018310546875,176.05999755859375
NVDA,2026-03-27,170.0,170.97000122070312,167.00999450683594,167.52000427246094,167.52000427246094,196212700,-0.02172390271764868,-2.4799957275390625,174.2199990408761
NVDA,2026-03-30,168.77999877929688,169.4499969482422,164.27000427246094,165.1699981689453,165.1699981689453,185627000,-0.014028211816980884,-3.6100006103515625,172.30714198521204
NVDA,2026-03-31,166.97000122070312,174.6199951171875,166.9600067138672,174.39999389648438,174.39999389648438,226181300,0.05588179348466227,7.42999267578125,172.5499986921038
NVDA,2026-04-01,176.0,177.3699951171875,174.75,175.75,175.75,168132000,0.0077408609562046315,-0.25,172.56571306501115
NVDA,2026-04-02,172.17999267578125,177.49000549316406,171.3699951171875,177.38999938964844,177.38999938964844,143143200,0.009331433227018238,5.2100067138671875,172.87857055664062
NVDA,2026-04-06,177.16000366210938,177.7899932861328,175.75999450683594,177.63999938964844,177.63999938964844,107564300,0.0014093240930164175,0.4799957275390625,172.73000008719308
NVDA,2026-04-07,175.72999572753906,178.22999572753906,173.66000366210938,178.10000610351562,178.10000610351562,132534900,0.0025895446715138437,2.3700103759765625,173.71000017438615
NVDA,2026-04-08,184.5,185.25999450683594,180.3000030517578,182.0800018310547,182.0800018310547,147732700,0.02234697131467711,-2.4199981689453125,175.78999982561385
NVDA,2026-04-09,181.83999633789062,184.0800018310547,180.6199951171875,183.91000366210938,183.91000366210938,116428500,0.010050537196021558,2.07000732421875,178.46714346749442
NVDA,2026-04-10,184.30999755859375,190.0,184.3000030517578,188.6300048828125,188.6300048828125,160459500,0.025664733438725884,4.32000732421875,180.50000217982702
NVDA,2026-04-13,186.02999877929688,189.66000366210938,185.74000549316406,189.30999755859375,189.30999755859375,133648200,0.0036049019677633076,3.279998779296875,182.43714468819755
NVDA,2026-04-14,190.83999633789062,196.50999450683594,190.77000427246094,196.50999450683594,196.50999450683594,161307000,0.03803284053190947,5.6699981689453125,185.16857256208147
NVDA,2026-04-15,196.5399932861328,200.39999389648438,195.74000549316406,198.8699951171875,198.8699951171875,185338400,0.012009570384825752,2.3300018310546875,188.20142909458704
NVDA,2026-04-16,197.42999267578125,199.85000610351562,195.80999755859375,198.35000610351562,198.35000610351562,134012900,-0.0026147182905368327,0.920013427734375,191.0942862374442
NVDA,2026-04-17,199.89999389648438,201.6999969482422,199.27000427246094,201.67999267578125,201.67999267578125,160324400,0.0167884369538549,1.779998779296875,193.89428492954798
NVDA,2026-04-20,199.97999572753906,202.1699981689453,197.83999633789062,202.05999755859375,202.05999755859375,119381400,0.0018841972263623497,2.0800018310546875,196.48714120047433
NVDA,2026-04-21,202.1300048828125,202.75,199.0,199.8800048828125,199.8800048828125,107945300,-0.010788838474320439,-2.25,198.0942840576172
NVDA,2026-04-22,200.99000549316406,202.5,199.0,202.5,202.5,107501000,0.013107839969903834,1.5099945068359375,199.97857012067522
NVDA,2026-04-23,202.4600067138672,203.8300018310547,197.22000122070312,199.63999938964844,199.63999938964844,113561800,-0.014123459804205263,-2.82000732421875,200.42571367536272
NVDA,2026-04-24,199.9600067138672,210.9499969482422,199.80999755859375,208.27000427246094,208.27000427246094,214134400,0.04322783464835034,8.30999755859375,201.76857212611608
NVDA,2026-04-27,209.64999389648438,216.8300018310547,207.3800048828125,216.61000061035156,216.61000061035156,187172400,0.04004415502378422,6.9600067138671875,204.37714276994978
NVDA,2026-04-28,209.49000549316406,214.72999572753906,208.1999969482422,213.1699981689453,213.1699981689453,180275400,-0.01588108781548958,3.67999267578125,206.01857212611608
NVDA,2026-04-29,212.6999969482422,212.72000122070312,207.5800018310547,209.25,209.25,123711800,-0.01838907070702589,-3.4499969482421875,207.04571533203125
NVDA,2026-04-30,209.92999267578125,210.3000030517578,198.6999969482422,199.57000732421875,199.57000732421875,225239200,-0.04626041900014932,-10.3599853515625,207.00142996651786
NVDA,2026-05-01,201.27999877929688,203.0,197.1199951171875,198.4499969482422,198.4499969482422,128647000,-0.005612117727474941,-2.8300018310546875,206.42285810198103
NVDA,2026-05-04,199.5,201.72999572753906,194.74000549316406,198.47999572753906,198.47999572753906,125368100,0.00015116543088034007,-1.0200042724609375,206.25714329310827
NVDA,2026-05-05,199.3000030517578,200.24000549316406,196.02999877929688,196.5,196.5,113406600,-0.009975794891980305,-2.8000030517578125,204.57571411132812
NVDA,2026-05-06,199.88999938964844,208.27000427246094,198.61000061035156,207.8300018310547,207.8300018310547,188362800,0.05765904239722497,7.94000244140625,203.32142857142858
NVDA,2026-05-07,208.33999633789062,214.1999969482422,206.5,211.5,211.5,168307900,0.017658654364679505,3.160003662109375,203.0828574044364
NVDA,2026-05-08,213.02999877929688,217.8000030517578,212.88999938964844,215.1999969482422,215.1999969482422,136421400,0.01749407540540049,2.1699981689453125,203.932856968471
NVDA,2026-05-11,214.0399932861328,222.3000030517578,213.88999938964844,219.44000244140625,219.44000244140625,160685800,0.019702628035742187,5.4000091552734375,206.77142769949776
NVDA,2026-05-12,218.5500030517578,223.75,214.9199981689453,220.77999877929688,220.77999877929688,159176600,0.006106436032548013,2.2299957275390625,209.96142796107702
NVDA,2026-05-13,224.92999267578125,227.83999633789062,221.57000732421875,225.8300018310547,225.8300018310547,150405400,0.02287346263103318,0.9000091552734375,213.86857169015067
NVDA,2026-05-14,229.85000610351562,236.5399932861328,229.3000030517578,235.74000549316406,235.74000549316406,179114200,0.04388258239276421,5.8899993896484375,219.47428676060267
TSLA,2025-05-15,340.3399963378906,346.1400146484375,334.7200012207031,342.82000732421875,342.82000732421875,97882600,,2.480010986328125,
TSLA,2025-05-16,346.239990234375,351.6199951171875,342.3299865722656,349.9800109863281,349.9800109863281,95895700,0.0208856061756566,3.740020751953125,
TSLA,2025-05-19,336.29998779296875,343.0,333.3699951171875,342.0899963378906,342.0899963378906,88869900,-0.022544186527114873,5.790008544921875,
TSLA,2025-05-20,347.8699951171875,354.989990234375,341.6300048828125,343.82000732421875,343.82000732421875,131715500,0.005057180873010214,-4.04998779296875,
TSLA,2025-05-21,344.42999267578125,347.3500061035156,332.20001220703125,334.6199951171875,334.6199951171875,102354800,-0.026758222357769146,-9.80999755859375,
TSLA,2025-05-22,331.8999938964844,347.2699890136719,331.3900146484375,341.0400085449219,341.0400085449219,97113400,0.019185982671137136,9.1400146484375,
TSLA,2025-05-23,337.9200134277344,343.17999267578125,333.2099914550781,339.3399963378906,339.3399963378906,84654800,-0.004984788190348977,1.41998291015625,341.9585745675223
TSLA,2025-05-27,347.3500061035156,363.7900085449219,347.32000732421875,362.8900146484375,362.8900146484375,120146400,0.06939947711644767,15.540008544921875,344.82571847098217
TSLA,2025-05-28,364.8399963378906,365.0,355.9100036621094,356.8999938964844,356.8999938964844,91404300,-0.016506435862546853,-7.94000244140625,345.8142874581473
TSLA,2025-05-29,365.2900085449219,367.7099914550781,356.0,358.42999267578125,358.42999267578125,88087800,0.004286911755287504,-6.860015869140625,348.14857264927457
TSLA,2025-05-30,355.5199890136719,363.67999267578125,345.2900085449219,346.4599914550781,346.4599914550781,123474900,-0.03339564619395741,-9.05999755859375,348.5257132393973
TSLA,2025-06-02,343.5,348.0199890136719,333.3299865722656,342.69000244140625,342.69000244140625,81873800,-0.01088145559849063,-0.80999755859375,349.67857142857144
TSLA,2025-06-03,346.6000061035156,355.3999938964844,343.0400085449219,344.2699890136719,344.2699890136719,99324500,0.004610541775392996,-2.33001708984375,350.13999720982144
TSLA,2025-06-04,345.1000061035156,345.6000061035156,327.3299865722656,332.04998779296875,332.04998779296875,98912100,-0.03549540073392177,-13.050018310546875,349.0985674176897
TSLA,2025-06-05,322.489990234375,324.54998779296875,273.2099914550781,284.70001220703125,284.70001220703125,287499800,-0.14259893789082123,-37.78997802734375,337.9285670689174
TSLA,2025-06-06,298.8299865722656,305.5,291.1400146484375,295.1400146484375,295.1400146484375,164747700,0.036670186138995975,-3.689971923828125,329.105712890625
TSLA,2025-06-09,285.9599914550781,309.8299865722656,281.8500061035156,308.5799865722656,308.5799865722656,140908900,0.04553761352840424,22.6199951171875,321.9842834472656
TSLA,2025-06-10,314.94000244140625,327.8299865722656,310.6700134277344,326.0899963378906,326.0899963378906,151256500,0.05674382827003055,11.149993896484375,319.0742841448103
TSLA,2025-06-11,334.3999938964844,335.5,322.5,326.42999267578125,326.42999267578125,122611400,0.0010426457165473302,-7.970001220703125,316.75142560686385
TSLA,2025-06-12,323.0799865722656,332.55999755859375,316.8599853515625,319.1099853515625,319.1099853515625,105127500,-0.022424432461661592,-3.970001220703125,313.15713936941967
TSLA,2025-06-13,313.9700012207031,332.989990234375,313.29998779296875,325.30999755859375,325.30999755859375,128964300,0.019429076154419578,11.339996337890625,312.1942836216518
TSLA,2025-06-16,331.2900085449219,332.04998779296875,326.4100036621094,329.1300048828125,329.1300048828125,83925900,0.011742668079331553,-2.160003662109375,318.5414254324777
TSLA,2025-06-17,326.0899963378906,327.260009765625,314.739990234375,316.3500061035156,316.3500061035156,88282700,-0.03882963749794621,-9.739990234375,321.57142421177457
TSLA,2025-06-18,317.30999755859375,329.32000732421875,315.45001220703125,322.04998779296875,322.04998779296875,95137700,0.0180179597897272,4.739990234375,323.49571010044644
TSLA,2025-06-20,327.95001220703125,332.3599853515625,317.7799987792969,322.1600036621094,322.1600036621094,108688000,0.0003416111576173275,-5.790008544921875,322.9342825753348
TSLA,2025-06-23,327.5400085449219,357.5400085449219,327.4800109863281,348.67999267578125,348.67999267578125,190716800,0.0823193093872907,21.139984130859375,326.11285400390625
TSLA,2025-06-24,356.1700134277344,356.260009765625,340.44000244140625,340.4700012207031,340.4700012207031,114736200,-0.023545920693855638,-15.70001220703125,329.1642848423549
TSLA,2025-06-25,342.70001220703125,343.0,320.3999938964844,327.54998779296875,327.54998779296875,119845100,-0.037947582404945,-15.1500244140625,329.4842834472656
TSLA,2025-06-26,324.6099853515625,331.04998779296875,323.6099853515625,325.7799987792969,325.7799987792969,80440900,-0.0054037218123500486,1.170013427734375,329.0057111467634
TSLA,2025-06-27,324.510009765625,329.3399963378906,317.5,323.6300048828125,323.6300048828125,89067000,-0.006599526995335614,-0.8800048828125,330.0457109723772
TSLA,2025-06-30,319.8999938964844,325.5799865722656,316.6000061035156,317.6600036621094,317.6600036621094,76695100,-0.018446995428822777,-2.239990234375,329.4185703822545
TSLA,2025-07-01,298.4599914550781,305.8900146484375,293.2099914550781,300.7099914550781,300.7099914550781,145085700,-0.05335897504131726,2.25,326.35428292410717
TSLA,2025-07-02,312.6300048828125,316.8299865722656,303.82000732421875,315.6499938964844,315.6499938964844,119483700,0.04968242780731846,3.019989013671875,321.6357116699219
TSLA,2025-07-03,317.989990234375,318.45001220703125,312.760009765625,315.3500061035156,315.3500061035156,58042300,-0.0009503811144286889,-2.639984130859375,318.0471409388951
TSLA,2025-07-07,291.3699951171875,296.1499938964844,288.7699890136719,293.94000244140625,293.94000244140625,131177900,-0.06789282780315342,2.57000732421875,313.24571446010043
TSLA,2025-07-08,297.0,304.04998779296875,294.3500061035156,297.80999755859375,297.80999755859375,103246700,0.013165935514200422,0.80999755859375,309.25
TSLA,2025-07-09,297.54998779296875,300.1499938964844,293.54998779296875,295.8800048828125,295.8800048828125,75586800,-0.0064806174796113725,-1.66998291015625,305.2857142857143
TSLA,2025-07-10,300.04998779296875,310.4800109863281,300.0,309.8699951171875,309.8699951171875,104365300,0.0472826483827995,9.82000732421875,304.17285592215404
TSLA,2025-07-11,307.8900146484375,314.0899963378906,305.6499938964844,313.510009765625,313.510009765625,79236400,0.01174690904506881,5.6199951171875,306.00142996651783
TSLA,2025-07-14,317.7300109863281,322.6000061035156,312.6700134277344,316.8999938964844,316.8999938964844,78043400,0.010813001260769006,-0.83001708984375,306.1800013950893
TSLA,2025-07-15,319.67999267578125,321.20001220703125,310.5,310.7799987792969,310.7799987792969,77556300,-0.01931207079538977,-8.899993896484375,305.5271432059152
TSLA,2025-07-16,312.79998779296875,323.5,312.6199951171875,321.6700134277344,321.6700134277344,97284800,0.03504091219258654,8.870025634765625,309.4885733468192
TSLA,2025-07-17,323.1499938964844,324.3399963378906,317.05999755859375,319.4100036621094,319.4100036621094,73922900,-0.007025863995037018,-3.739990234375,312.5742885044643
TSLA,2025-07-18,321.6600036621094,330.8999938964844,321.4200134277344,329.6499938964844,329.6499938964844,94255000,0.03205907804067243,7.989990234375,317.39857264927457
TSLA,2025-07-21,334.3999938964844,338.0,326.8800048828125,328.489990234375,328.489990234375,75768800,-0.0035188948387289143,-5.910003662109375,320.0585719517299
TSLA,2025-07-22,329.739990234375,335.4100036621094,321.54998779296875,332.1099853515625,332.1099853515625,77370400,0.0110201078413521,2.3699951171875,322.71571132114957
TSLA,2025-07-23,330.8999938964844,336.20001220703125,328.6700134277344,332.55999755859375,332.55999755859375,92553800,0.0013550095657464123,1.660003662109375,324.9528547014509
TSLA,2025-07-24,310.0,310.1499938964844,300.4100036621094,305.29998779296875,305.29998779296875,156966000,-0.08197020076301287,-4.70001220703125,324.1699959891183
TSLA,2025-07-25,308.739990234375,323.6300048828125,308.010009765625,316.05999755859375,316.05999755859375,148227000,0.03524405566934252,7.32000732421875,323.36856515066967
TSLA,2025-07-28,318.45001220703125,330.489990234375,315.69000244140625,325.5899963378906,325.5899963378906,112673800,0.030152499060024596,7.139984130859375,324.2514212472098
TSLA,2025-07-29,325.54998779296875,326.25,318.25,321.20001220703125,321.20001220703125,87358900,-0.013483166498468035,-4.3499755859375,323.0442810058594
TSLA,2025-07-30,322.17999267578125,324.45001220703125,311.6199951171875,319.0400085449219,319.0400085449219,83931900,-0.006724793213012448,-3.139984130859375,321.6942836216518
TSLA,2025-07-31,319.6099853515625,321.3699951171875,306.1000061035156,308.2699890136719,308.2699890136719,85270900,-0.03375758288237862,-11.339996337890625,318.28856985909596
TSLA,2025-08-01,306.2099914550781,309.30999755859375,297.82000732421875,302.6300048828125,302.6300048828125,89121400,-0.01829559909125389,-3.579986572265625,314.01285661969865
TSLA,2025-08-04,309.0799865722656,312.1199951171875,303.0,309.260009765625,309.260009765625,78683900,0.021907956170373222,0.180023193359375,314.57857404436385
TSLA,2025-08-05,308.95001220703125,312.45001220703125,305.5,308.7200012207031,308.7200012207031,57961300,-0.0017461311772288823,-0.230010986328125,313.5300031389509
TSLA,2025-08-06,307.8900146484375,320.4700012207031,306.92999267578125,319.9100036621094,319.9100036621094,78523600,0.03624644466558724,12.019989013671875,312.7185756138393
TSLA,2025-08-07,319.7900085449219,322.3999938964844,316.1600036621094,322.2699890136719,322.2699890136719,66658700,0.007377028928595486,2.47998046875,312.8714294433594
TSLA,2025-08-08,321.42999267578125,335.1499938964844,320.9800109863281,329.6499938964844,329.6499938964844,91200300,0.02290006868278205,8.220001220703125,314.3871416364397
TSLA,2025-08-11,335.0,346.6400146484375,334.1499938964844,339.0299987792969,339.0299987792969,105320200,0.02845443669493286,4.029998779296875,318.7814287458147
TSLA,2025-08-12,345.0,345.260009765625,332.94000244140625,340.8399963378906,340.8399963378906,80522100,0.005338753399730889,-4.160003662109375,324.239998953683
TSLA,2025-08-13,341.5,348.9800109863281,338.20001220703125,339.3800048828125,339.3800048828125,67838900,-0.004283509772223915,-2.1199951171875,328.5428553989955
TSLA,2025-08-14,335.760009765625,340.4700012207031,330.3999938964844,335.5799865722656,335.5799865722656,75000700,-0.011196942235471519,-0.180023193359375,332.3799961635045
TSLA,2025-08-15,337.6600036621094,339.29998779296875,327.0199890136719,330.55999755859375,330.55999755859375,74319800,-0.014959143019665277,-7.100006103515625,333.9014238630022
TSLA,2025-08-18,329.6199951171875,336.2699890136719,329.5899963378906,335.1600036621094,335.1600036621094,56956600,0.013915797850586165,5.540008544921875,335.7428545270647
TSLA,2025-08-19,335.7900085449219,340.54998779296875,327.8500061035156,329.30999755859375,329.30999755859375,75956000,-0.017454368181154756,-6.480010986328125,335.6942836216518
TSLA,2025-08-20,329.2200012207031,331.3699951171875,314.6000061035156,323.8999938964844,323.8999938964844,77481800,-0.016428300696053943,-5.32000732421875,333.53285435267856
TSLA,2025-08-21,322.0799865722656,324.8999938964844,318.67999267578125,320.1099853515625,320.1099853515625,55744400,-0.011701168929731831,-1.970001220703125,330.57142421177457
TSLA,2025-08-22,321.6600036621094,340.25,319.69000244140625,340.010009765625,340.010009765625,94016300,0.062166209505171155,18.350006103515625,330.6614249093192
TSLA,2025-08-25,338.8999938964844,349.5299987792969,335.0299987792969,346.6000061035156,346.6000061035156,86670000,0.019381771561470362,7.70001220703125,332.23571341378346
TSLA,2025-08-26,344.92999267578125,351.8999938964844,343.7200012207031,351.6700134277344,351.6700134277344,76651600,0.01462783391499567,6.740020751953125,335.25142996651783
TSLA,2025-08-27,351.94000244140625,355.3900146484375,349.1600036621094,349.6000061035156,349.6000061035156,65519000,-0.0058862207330171445,-2.339996337890625,337.3142874581473
TSLA,2025-08-28,350.9100036621094,353.54998779296875,340.260009765625,345.9800109863281,345.9800109863281,67903200,-0.010354676927882056,-4.92999267578125,339.69571794782365
TSLA,2025-08-29,347.2300109863281,348.75,331.70001220703125,333.8699951171875,333.8699951171875,81145700,-0.03500206799409333,-13.360015869140625,341.1200038364955
TSLA,2025-09-02,328.2300109863281,333.3299865722656,325.6000061035156,329.3599853515625,329.3599853515625,58392000,-0.01350828116207925,1.129974365234375,342.4414324079241
TSLA,2025-09-03,335.20001220703125,343.3299865722656,328.510009765625,334.0899963378906,334.0899963378906,88733300,0.014361219324440011,-1.110015869140625,341.59571620396207
TSLA,2025-09-04,336.1499938964844,338.8900146484375,331.4800109863281,338.5299987792969,338.5299987792969,60711000,0.01328983953448204,2.3800048828125,340.44285801478793
TSLA,2025-09-05,348.0,355.8699951171875,344.67999267578125,350.8399963378906,350.8399963378906,108989800,0.036363092201525005,2.839996337890625,340.3242841448103
TSLA,2025-09-08,354.6400146484375,358.44000244140625,344.8399963378906,346.3999938964844,346.3999938964844,75208300,-0.01265534855703887,-8.240020751953125,339.8671395438058
TSLA,2025-09-09,348.44000244140625,350.7699890136719,343.82000732421875,346.9700012207031,346.9700012207031,53816000,0.001645517708609212,-1.470001220703125,340.0085667201451
TSLA,2025-09-10,350.54998779296875,356.3299865722656,346.07000732421875,347.7900085449219,347.7900085449219,72121700,0.0023633378140295314,-2.759979248046875,341.9971400669643
TSLA,2025-09-11,350.1700134277344,368.989990234375,347.6000061035156,368.80999755859375,368.80999755859375,103756000,0.06043873744853956,18.639984130859375,347.6328560965402
TSLA,2025-09-12,370.94000244140625,396.69000244140625,370.239990234375,395.94000244140625,395.94000244140625,168156400,0.07356092584909457,25.0,356.4685712541853
TSLA,2025-09-15,423.1300048828125,425.70001220703125,402.42999267578125,410.0400085449219,410.0400085449219,163823700,0.03561147147692467,-13.089996337890625,366.68428693498885
TSLA,2025-09-16,414.5,423.25,411.42999267578125,421.6199951171875,421.6199951171875,104285700,0.028241113869250656,7.1199951171875,376.79571533203125
TSLA,2025-09-17,415.75,428.30999755859375,409.6700134277344,425.8599853515625,425.8599853515625,106133500,0.01005642588937583,10.1099853515625,388.1471426827567
TSLA,2025-09-18,428.8699951171875,432.2200012207031,416.55999755859375,416.8500061035156,416.8500061035156,90454500,-0.021157139806429193,-12.019989013671875,398.13000052315846
TSLA,2025-09-19,421.82000732421875,429.4700012207031,421.7200012207031,426.07000732421875,426.07000732421875,93131000,0.022118270566640064,4.25,409.3128574916295
TSLA,2025-09-22,431.1099853515625,444.9800109863281,429.1300048828125,434.2099914550781,434.2099914550781,97108800,0.019104804353584193,3.100006103515625,418.6557137625558
TSLA,2025-09-23,439.8800048828125,440.9700012207031,423.7200012207031,425.8500061035156,425.8500061035156,83422700,-0.019253323313789705,-14.029998779296875,422.92857142857144
TSLA,2025-09-24,429.8299865722656,444.2099914550781,429.0299987792969,442.7900085449219,442.7900085449219,93133600,0.03977927016229388,12.96002197265625,427.60714285714283
TSLA,2025-09-25,435.239990234375,435.3500061035156,419.0799865722656,423.3900146484375,423.3900146484375,96746400,-0.04381307961359793,-11.8499755859375,427.86000279017856
TSLA,2025-09-26,428.29998779296875,440.4700012207031,421.0199890136719,440.3999938964844,440.3999938964844,101628200,0.0401756741055197,12.100006103515625,429.93714686802457
TSLA,2025-09-29,444.3500061035156,450.9800109863281,439.5,443.2099914550781,443.2099914550781,79491500,0.00638055766924972,-1.1400146484375,433.7028590611049
TSLA,2025-09-30,441.5199890136719,445.0,433.1199951171875,444.7200012207031,444.7200012207031,74358000,0.0034069849388267404,3.20001220703125,436.3671439034598
TSLA,2025-10-01,443.79998779296875,462.2900085449219,440.75,459.4599914550781,459.4599914550781,98122300,0.033144428390707636,15.660003662109375,439.9742867606027
TSLA,2025-10-02,470.5400085449219,470.75,435.57000732421875,436.0,436.0,137009000,-0.051059922281332826,-34.540008544921875,441.4242858886719
TSLA,2025-10-03,443.2900085449219,446.7699890136719,416.5799865722656,429.8299865722656,429.8299865722656,133188200,-0.014151406944344913,-13.46002197265625,439.5728541782924
TSLA,2025-10-06,440.75,453.54998779296875,436.69000244140625,453.25,453.25,85324900,0.054486690457546505,12.5,443.8385663713728
TSLA,2025-10-07,447.82000732421875,452.67999267578125,432.45001220703125,433.0899963378906,433.0899963378906,102296100,-0.044478772558432134,-14.730010986328125,442.7942810058594
TSLA,2025-10-08,437.57000732421875,441.3299865722656,425.2300109863281,438.69000244140625,438.69000244140625,71192100,0.012930352007360923,1.1199951171875,442.1485682896205
TSLA,2025-10-09,431.80999755859375,436.3500061035156,426.17999267578125,435.5400085449219,435.5400085449219,69339900,-0.007180455170972544,3.730010986328125,440.83714076450894
TSLA,2025-10-10,436.5400085449219,443.1300048828125,411.45001220703125,413.489990234375,413.489990234375,112107900,-0.05062684914805626,-23.050018310546875,434.2699977329799
TSLA,2025-10-13,423.5299987792969,436.8900146484375,419.70001220703125,435.8999938964844,435.8999938964844,79552800,0.054197209585187034,12.3699951171875,434.2557111467634
TSLA,2025-10-14,426.7900085449219,434.20001220703125,417.8599853515625,429.239990234375,429.239990234375,72669400,-0.015278742269702716,2.449981689453125,434.17142595563615
TSLA,2025-10-15,434.8999938964844,440.510009765625,426.3299865722656,435.1499938964844,435.1499938964844,71558200,0.013768529951932784,0.25,431.58571079799106
TSLA,2025-10-16,434.7300109863281,439.3500061035156,421.30999755859375,428.75,428.75,77189900,-0.01470755828163206,-5.980010986328125,430.96571132114957
TSLA,2025-10-17,425.5,441.4599914550781,423.6000061035156,439.30999755859375,439.30999755859375,89331600,0.02462973191508744,13.80999755859375,431.05428205217635
TSLA,2025-10-20,443.8699951171875,449.79998779296875,440.6099853515625,447.42999267578125,447.42999267578125,63719000,0.018483519979771268,3.55999755859375,432.7528512137277
TSLA,2025-10-21,445.760009765625,449.29998779296875,442.04998779296875,442.6000061035156,442.6000061035156,54412200,-0.010794954856246153,-3.160003662109375,436.9114249093192
TSLA,2025-10-22,443.45001220703125,445.5400085449219,429.0,438.9700012207031,438.9700012207031,84023500,-0.008201547294971134,-4.480010986328125,437.3499973842076
TSLA,2025-10-23,420.0,449.3999938964844,413.8999938964844,448.9800109863281,448.9800109863281,126709800,0.022803402824313368,28.980010986328125,440.1700003487723
TSLA,2025-10-24,446.8299865722656,451.67999267578125,430.1700134277344,433.7200012207031,433.7200012207031,94727800,-0.03398817183887881,-13.1099853515625,439.96571568080356
TSLA,2025-10-27,439.9800109863281,460.1600036621094,438.69000244140625,452.4200134277344,452.4200134277344,105867500,0.043115401997602554,12.44000244140625,443.3471461704799
TSLA,2025-10-28,454.7799987792969,467.0,451.6000061035156,460.54998779296875,460.54998779296875,80185700,0.017969970655449252,5.769989013671875,446.38143048967635
TSLA,2025-10-29,462.5,465.70001220703125,452.6499938964844,461.510009765625,461.510009765625,67983500,0.0020845119924046696,-0.989990234375,448.39286150251115
TSLA,2025-10-30,451.04998779296875,455.05999755859375,439.6099853515625,440.1000061035156,440.1000061035156,72447900,-0.04639120107705208,-10.949981689453125,448.0357186453683
TSLA,2025-10-31,446.75,458.0,443.69000244140625,456.55999755859375,456.55999755859375,83135800,0.03740057084027071,9.80999755859375,450.548575265067
TSLA,2025-11-03,455.989990234375,474.07000732421875,453.79998779296875,468.3699951171875,468.3699951171875,84595200,0.02586735066967427,12.3800048828125,453.3185729980469
TSLA,2025-11-04,454.4599914550781,460.2200012207031,443.6000061035156,444.260009765625,444.260009765625,87756600,-0.05147636612701911,-10.199981689453125,454.8242885044643
TSLA,2025-11-05,452.04998779296875,466.3299865722656,440.7099914550781,462.07000732421875,462.07000732421875,85573000,0.040089130615176494,10.02001953125,456.2028590611049
TSLA,2025-11-06,461.9599914550781,467.45001220703125,435.0899963378906,445.9100036621094,445.9100036621094,109622900,-0.03497306340156037,-16.04998779296875,454.11143275669644
TSLA,2025-11-07,437.9200134277344,439.3599853515625,421.8800048828125,429.5199890136719,429.5199890136719,103471500,-0.03675632866235745,-8.4000244140625,449.5414297921317
TSLA,2025-11-10,439.6000061035156,449.6700134277344,433.3599853515625,445.2300109863281,445.2300109863281,76515900,0.03657576451501576,5.6300048828125,450.27428763253346
TSLA,2025-11-11,439.3999938964844,442.489990234375,432.3599853515625,439.6199951171875,439.6199951171875,60533200,-0.01260026442672324,0.220001220703125,447.85428728376115
TSLA,2025-11-12,442.1499938964844,442.3299865722656,426.55999755859375,430.6000061035156,430.6000061035156,58513500,-0.02051769508633805,-11.54998779296875,442.4585745675223
TSLA,2025-11-13,423.1300048828125,424.5,396.3399963378906,401.989990234375,401.989990234375,118948000,-0.06644220962287406,-21.1400146484375,436.4200003487723
TSLA,2025-11-14,386.29998779296875,412.19000244140625,382.7799987792969,404.3500061035156,404.3500061035156,105506700,0.005870832424868633,18.050018310546875,428.1742858886719
TSLA,2025-11-17,398.739990234375,423.9599914550781,398.739990234375,408.9200134277344,408.9200134277344,102214300,0.011302107716671506,10.180023193359375,422.89000156947543
TSLA,2025-11-18,405.3800048828125,408.8999938964844,393.7099914550781,401.25,401.25,80688600,-0.018756757252943457,-4.1300048828125,418.8514317103795
TSLA,2025-11-19,406.17999267578125,411.7799987792969,398.5,403.989990234375,403.989990234375,72047700,0.006828636098130891,-2.19000244140625,412.96000017438615
TSLA,2025-11-20,414.6300048828125,428.94000244140625,394.739990234375,395.2300109863281,395.2300109863281,113548800,-0.02168365419886953,-19.399993896484375,406.6185738699777
TSLA,2025-11-21,402.32000732421875,402.79998779296875,383.760009765625,391.0899963378906,391.0899963378906,100460600,-0.010474950113494086,-11.230010986328125,400.9742867606027
TSLA,2025-11-24,402.1700134277344,421.7200012207031,401.0899963378906,417.7799987792969,417.7799987792969,96806400,0.0682451678419993,15.6099853515625,403.2300022670201
TSLA,2025-11-25,414.4200134277344,420.4800109863281,405.95001220703125,419.3999938964844,419.3999938964844,71915600,0.0038776272725380423,4.97998046875,405.38000052315846
TSLA,2025-11-26,423.95001220703125,426.94000244140625,416.8900146484375,426.5799865722656,426.5799865722656,63463000,0.017119677587676296,2.629974365234375,407.9028538295201
TSLA,2025-11-28,426.5899963378906,432.92999267578125,426.20001220703125,430.1700134277344,430.1700134277344,36252900,0.008415835173881447,3.58001708984375,412.03428431919644
TSLA,2025-12-01,425.32000732421875,433.6600036621094,425.2900085449219,430.1400146484375,430.1400146484375,57463600,-6.973703038437584e-05,4.82000732421875,415.77000209263394
TSLA,2025-12-02,430.80999755859375,436.79998779296875,422.1199951171875,429.239990234375,429.239990234375,69336600,-0.0020923987153301793,-1.57000732421875,420.6285705566406
TSLA,2025-12-03,432.1000061035156,447.9200134277344,431.1099853515625,446.739990234375,446.739990234375,87483000,0.04076973347810542,14.639984130859375,428.5785696847098
TSLA,2025-12-04,449.94000244140625,454.6300048828125,445.3900146484375,454.5299987792969,454.5299987792969,71906500,0.017437455153354264,4.589996337890625,433.8285696847098
TSLA,2025-12-05,453.0299987792969,458.8699951171875,451.6600036621094,455.0,455.0,56427500,0.0010340378456106247,1.970001220703125,438.9142848423549
TSLA,2025-12-08,447.45001220703125,449.75,435.25,439.5799865722656,439.5799865722656,69165800,-0.033890139401614006,-7.870025634765625,440.7714276994978
TSLA,2025-12-09,437.5400085449219,452.3900146484375,435.70001220703125,445.1700134277344,445.1700134277344,62367400,0.01271674558948499,7.6300048828125,442.9142848423549
TSLA,2025-12-10,446.07000732421875,456.8800048828125,443.6099853515625,451.45001220703125,451.45001220703125,63257500,0.014106967203253218,5.3800048828125,445.9585702078683
TSLA,2025-12-11,448.95001220703125,449.2699890136719,440.3299865722656,446.8900146484375,446.8900146484375,55979500,-0.010100780674035192,-2.05999755859375,448.4800022670201
TSLA,2025-12-12,448.0899963378906,463.010009765625,441.6700134277344,458.9599914550781,458.9599914550781,95656700,0.027008830833098685,10.8699951171875,450.2257167271205
TSLA,2025-12-15,469.44000244140625,481.7699890136719,467.6600036621094,475.30999755859375,475.30999755859375,114542200,0.035624033484225714,5.8699951171875,453.1942879813058
TSLA,2025-12-16,472.2099914550781,491.5,465.8299865722656,489.8800048828125,489.8800048828125,107608100,0.030653694218629735,17.670013427734375,458.1771458217076
TSLA,2025-12-17,488.2200012207031,495.2799987792969,466.20001220703125,467.260009765625,467.260009765625,106490400,-0.04617456293730249,-20.959991455078125,462.13143484933033
TSLA,2025-12-18,478.1600036621094,490.8599853515625,473.1199951171875,483.3699951171875,483.3699951171875,95168400,0.034477560704677446,5.209991455078125,467.5885750906808
TSLA,2025-12-19,488.1199951171875,490.489990234375,474.7200012207031,481.20001220703125,481.20001220703125,103305400,-0.00448927929345333,-6.91998291015625,471.8385750906808
TSLA,2025-12-22,489.8800048828125,498.8299865722656,485.3299865722656,488.7300109863281,488.7300109863281,86916100,0.01564837611861325,-1.149993896484375,477.8157174246652
TSLA,2025-12-23,489.3999938964844,491.9700012207031,482.8399963378906,485.55999755859375,485.55999755859375,58223600,-0.00648622625268469,-3.839996337890625,481.61571829659596
TSLA,2025-12-24,488.4800109863281,490.8999938964844,476.79998779296875,485.3999938964844,485.3999938964844,41285400,-0.00032952397832164415,-3.08001708984375,483.05714634486606
TSLA,2025-12-26,485.2300109863281,489.0899963378906,473.82000732421875,475.19000244140625,475.19000244140625,58780700,-0.021034181259704576,-10.040008544921875,480.9585745675223
TSLA,2025-12-29,469.0,469.3999938964844,459.0,459.6400146484375,459.6400146484375,66263000,-0.03272372674735757,-9.3599853515625,479.8700038364955
TSLA,2025-12-30,461.0899963378906,463.1199951171875,453.8299865722656,454.42999267578125,454.42999267578125,59238500,-0.011335005235871831,-6.660003662109375,475.7357177734375
TSLA,2025-12-31,456.1000061035156,456.54998779296875,449.29998779296875,449.7200012207031,449.7200012207031,49078000,-0.010364613980130777,-6.3800048828125,471.2385733468192
TSLA,2026-01-02,457.79998779296875,458.3399963378906,435.29998779296875,438.07000732421875,438.07000732421875,85535400,-0.02590499391813139,-19.72998046875,464.00142996651783
TSLA,2026-01-05,447.989990234375,457.54998779296875,444.57000732421875,451.6700134277344,451.6700134277344,67940800,0.031045280151877908,3.680023193359375,459.1600036621094
TSLA,2026-01-06,446.3800048828125,448.25,428.7799987792969,432.9599914550781,432.9599914550781,89093800,-0.041424095947095174,-13.420013427734375,451.66857474190846
TSLA,2026-01-07,435.8999938964844,438.3699951171875,431.2900085449219,431.4100036621094,431.4100036621094,59828800,-0.0035799792672750463,-4.489990234375,445.41428920200894
TSLA,2026-01-08,427.8900146484375,436.8900146484375,424.3699951171875,435.79998779296875,435.79998779296875,57041100,0.010175897854927118,7.90997314453125,442.0085710797991
TSLA,2026-01-09,435.95001220703125,449.04998779296875,430.3900146484375,445.010009765625,445.010009765625,67331500,0.02113359850994656,9.05999755859375,440.66285923549106
TSLA,2026-01-12,441.2300109863281,454.29998779296875,438.0,448.9599914550781,448.9599914550781,61649600,0.00887616368794375,7.72998046875,440.55428641183033
TSLA,2026-01-13,450.20001220703125,451.80999755859375,443.95001220703125,447.20001220703125,447.20001220703125,53719200,-0.003920124914344347,-3.0,441.8585728236607
TSLA,2026-01-14,442.80999755859375,443.9100036621094,434.2200012207031,439.20001220703125,439.20001220703125,57259500,-0.017889087168218576,-3.6099853515625,440.07714407784596
TSLA,2026-01-15,441.1300048828125,445.3599853515625,437.6499938964844,438.57000732421875,438.57000732421875,49465800,-0.0014344373071545347,-2.55999755859375,440.87857491629467
TSLA,2026-01-16,439.5,447.25,435.260009765625,437.5,437.5,60220600,-0.0024397640202233895,-2.0,441.74857439313615
TSLA,2026-01-20,429.3599853515625,430.7300109863281,417.44000244140625,419.25,419.25,63187300,-0.041714285714285704,-10.1099853515625,439.38429042271207
TSLA,2026-01-21,421.6600036621094,438.20001220703125,419.6199951171875,431.44000244140625,431.44000244140625,68124000,0.02907573629435012,9.779998779296875,437.44571794782365
TSLA,2026-01-22,435.1600036621094,449.5,432.6300048828125,449.3599853515625,449.3599853515625,71546700,0.041535283721378935,14.199981689453125,437.5028599330357
TSLA,2026-01-23,447.42999267578125,452.42999267578125,444.0400085449219,449.05999755859375,449.05999755859375,56771400,-0.0006675890216037983,1.6300048828125,437.76857212611606
TSLA,2026-01-26,445.0,445.0400085449219,434.2799987792969,435.20001220703125,435.20001220703125,49397400,-0.030864440001147186,-9.79998779296875,437.1971435546875
TSLA,2026-01-27,437.4100036621094,437.5199890136719,430.69000244140625,430.8999938964844,430.8999938964844,37733100,-0.009880556502607107,-6.510009765625,436.10142735072543
TSLA,2026-01-28,431.9100036621094,438.260009765625,430.1000061035156,431.4599914550781,431.4599914550781,54857400,0.0012995998294869082,-0.45001220703125,435.2385689871652
TSLA,2026-01-29,437.79998779296875,440.2300109863281,414.6199951171875,416.55999755859375,416.55999755859375,81686100,-0.03453389466363932,-21.239990234375,434.85428292410717
TSLA,2026-01-30,425.3500061035156,439.8800048828125,422.70001220703125,430.4100036621094,430.4100036621094,82626100,0.033248526466028494,5.05999755859375,434.70714024135043
TSLA,2026-02-02,421.2900085449219,427.1499938964844,414.5,421.80999755859375,421.80999755859375,58739500,-0.019980962408733927,0.519989013671875,430.7714276994978
TSLA,2026-02-03,424.2699890136719,428.55999755859375,413.69000244140625,421.9599914550781,421.9599914550781,56886500,0.0003555958781265023,-2.30999755859375,426.8999982561384
TSLA,2026-02-04,420.4599914550781,423.8999938964844,399.17999267578125,406.010009765625,406.010009765625,74606900,-0.03779974882085746,-14.449981689453125,422.72999790736606
TSLA,2026-02-05,397.0199890136719,402.1000061035156,387.5299987792969,397.2099914550781,397.2099914550781,72819800,-0.02167438757390938,0.19000244140625,417.9171404157366
TSLA,2026-02-06,400.8699951171875,414.54998779296875,397.75,411.1099853515625,411.1099853515625,62677100,0.03499406912088299,10.239990234375,415.00999668666293
TSLA,2026-02-09,409.9100036621094,421.25,407.2900085449219,417.32000732421875,417.32000732421875,54484300,0.015105500216312517,7.410003662109375,415.11856951032365
TSLA,2026-02-10,418.0799865722656,427.25,417.0,425.2099914550781,425.2099914550781,64450200,0.018906316477488305,7.1300048828125,414.3757106236049
TSLA,2026-02-11,427.9599914550781,436.3500061035156,420.0299987792969,428.2699890136719,428.2699890136719,57362000,0.00719643851293883,0.30999755859375,415.29856654575894
TSLA,2026-02-12,430.29998779296875,436.2300109863281,414.0,417.07000732421875,417.07000732421875,61933400,-0.02615168463063977,-13.22998046875,414.5999973842076
TSLA,2026-02-13,414.30999755859375,424.05999755859375,410.8800048828125,417.44000244140625,417.44000244140625,51434100,0.0008871295242764976,3.1300048828125,416.2328534807478
TSLA,2026-02-17,412.3599853515625,413.7200012207031,400.510009765625,410.6300048828125,410.6300048828125,59678800,-0.016313715788533356,-1.72998046875,418.1499982561384
TSLA,2026-02-18,411.1099853515625,416.8999938964844,409.5799865722656,411.32000732421875,411.32000732421875,45921400,0.0016803507615161806,0.21002197265625,418.1800013950893
TSLA,2026-02-19,407.25,415.25,404.1099853515625,411.7099914550781,411.7099914550781,51019600,0.0009481282794785439,4.459991455078125,417.3785705566406
TSLA,2026-02-20,408.29998779296875,414.70001220703125,405.5,411.82000732421875,411.82000732421875,57912200,0.00026721690370390405,3.52001953125,415.46571568080356
TSLA,2026-02-23,407.2900085449219,407.70001220703125,394.0400085449219,399.8299865722656,399.8299865722656,69680000,-0.02911471161845125,-7.46002197265625,411.4028581891741
TSLA,2026-02-24,399.5,410.82000732421875,397.6400146484375,409.3800048828125,409.3800048828125,58579500,0.023885197787236967,9.8800048828125,410.30428641183033
TSLA,2026-02-25,412.1499938964844,420.3399963378906,412.1499938964844,417.3999938964844,417.3999938964844,54809700,0.019590573349979934,5.25,410.29857090541293
TSLA,2026-02-26,414.4200134277344,416.80999755859375,403.6600036621094,408.5799865722656,408.5799865722656,53602500,-0.021130827631028026,-5.84002685546875,410.0057111467634
TSLA,2026-02-27,402.94000244140625,407.1199951171875,398.1099853515625,402.510009765625,402.510009765625,56890100,-0.014856275407819197,-0.42999267578125,408.7471400669643
TSLA,2026-03-02,390.6000061035156,404.5400085449219,388.25,403.32000732421875,403.32000732421875,55088300,0.0020123662491409178,12.720001220703125,407.54857090541293
TSLA,2026-03-03,395.0899963378906,396.3399963378906,385.3900146484375,392.42999267578125,392.42999267578125,62617300,-0.027000928420799375,-2.660003662109375,404.77856881277904
TSLA,2026-03-04,397.8500061035156,408.3299865722656,394.5799865722656,405.94000244140625,405.94000244140625,68305500,0.03442654745501761,8.089996337890625,405.65142822265625
TSLA,2026-03-05,401.57000732421875,408.6199951171875,399.4200134277344,405.54998779296875,405.54998779296875,51925900,-0.0009607691927178141,3.97998046875,405.10428292410717
TSLA,2026-03-06,398.0899963378906,402.3500061035156,394.2099914550781,396.7300109863281,396.7300109863281,64054600,-0.021748186591348584,-1.3599853515625,402.15142822265625
TSLA,2026-03-09,390.04998779296875,401.5899963378906,381.3999938964844,398.67999267578125,398.67999267578125,67018900,0.004915135319874642,8.6300048828125,400.73714338030135
TSLA,2026-03-10,402.2200012207031,406.5899963378906,398.19000244140625,399.239990234375,399.239990234375,59258700,0.0014046291985592152,-2.980010986328125,400.2699977329799
TSLA,2026-03-11,402.2799987792969,416.3800048828125,402.1499938964844,407.82000732421875,407.82000732421875,62559900,0.02149087591352461,5.540008544921875,400.91285487583707
TSLA,2026-03-12,405.17999267578125,406.5,394.6499938964844,395.010009765625,395.010009765625,60973800,-0.03141091003024221,-10.16998291015625,401.2814287458147
TSLA,2026-03-13,399.1700134277344,400.20001220703125,389.95001220703125,391.20001220703125,391.20001220703125,58504100,-0.009645319015724074,-7.970001220703125,399.1757158551897
TSLA,2026-03-16,396.2200012207031,403.7300109863281,394.4200134277344,395.55999755859375,395.55999755859375,58068300,0.011145156481373375,-0.660003662109375,397.74857439313615
TSLA,2026-03-17,395.69000244140625,400.1199951171875,393.0,399.2699890136719,399.2699890136719,46890500,0.00937908655570907,3.579986572265625,398.1114283970424
TSLA,2026-03-18,399.0,403.07000732421875,392.30999755859375,392.7799987792969,392.7799987792969,50853100,-0.016254640751756533,-6.220001220703125,397.26857212611606
TSLA,2026-03-19,387.2699890136719,387.2699890136719,378.7300109863281,380.29998779296875,380.29998779296875,67078300,-0.03177353995904619,-6.970001220703125,394.5628574916295
TSLA,2026-03-20,379.8500061035156,379.8900146484375,364.4599914550781,367.9599914550781,367.9599914550781,78628600,-0.03244805872728129,-11.8900146484375,388.86856951032365
TSLA,2026-03-23,373.0899963378906,385.3299865722656,372.7300109863281,380.8500061035156,380.8500061035156,74606000,0.035031022251806876,7.760009765625,386.845711844308
TSLA,2026-03-24,376.55999755859375,387.4800109863281,376.30999755859375,383.0299987792969,383.0299987792969,60004900,0.005724019012326664,6.470001220703125,385.6785670689174
TSLA,2026-03-25,389.989990234375,396.2300109863281,385.010009765625,385.95001220703125,385.95001220703125,55157300,0.007623458833617036,-4.03997802734375,384.3057120186942
TSLA,2026-03-26,381.6000061035156,384.44000244140625,371.8699951171875,372.1099853515625,372.1099853515625,55522900,-0.03585963575004292,-9.490020751953125,380.4257114955357
TSLA,2026-03-27,369.69000244140625,369.8599853515625,359.4700012207031,361.8299865722656,361.8299865722656,62065700,-0.027626237359861583,-7.860015869140625,376.0042811802455
TSLA,2026-03-30,365.8599853515625,367.2900085449219,352.1400146484375,355.2799987792969,355.2799987792969,67954400,-0.018102390725044493,-10.579986572265625,372.4299970354353
TSLA,2026-03-31,361.510009765625,373.3299865722656,361.0,371.75,371.75,75534900,0.04635780589195071,10.239990234375,372.971426827567
TSLA,2026-04-01,378.6300048828125,383.1400146484375,374.0799865722656,381.260009765625,381.260009765625,58683800,0.025581734406523227,2.6300048828125,373.0299987792969
TSLA,2026-04-02,364.20001220703125,370.2799987792969,359.0299987792969,360.5899963378906,360.5899963378906,83031200,-0.05421500524128142,-3.610015869140625,369.8242841448103
TSLA,2026-04-06,362.5899963378906,367.7200012207031,346.6400146484375,352.82000732421875,352.82000732421875,77697600,-0.021547988276388597,-9.769989013671875,365.09142630440846
TSLA,2026-04-07,346.44000244140625,348.0199890136719,337.239990234375,346.6499938964844,346.6499938964844,74515400,-0.017487708462248674,0.209991455078125,361.45428466796875
TSLA,2026-04-08,363.7900085449219,364.5,339.6700134277344,343.25,343.25,78838600,-0.009808146419583275,-20.540008544921875,358.8000008719308
TSLA,2026-04-09,343.1499938964844,348.8800048828125,337.25,345.6199951171875,345.6199951171875,62164000,0.006904574267115882,2.470001220703125,357.4200003487723
TSLA,2026-04-10,346.2900085449219,350.3599853515625,342.739990234375,348.95001220703125,348.95001220703125,51336000,0.009634908676839249,2.660003662109375,354.16285923549106
TSLA,2026-04-13,350.07000732421875,356.3500061035156,348.57000732421875,352.4200134277344,352.4200134277344,53617500,0.009944121218842028,2.350006103515625,350.04285975864957
TSLA,2026-04-14,357.6700134277344,367.6300048828125,354.7699890136719,364.20001220703125,364.20001220703125,59979600,0.03342602102735692,6.529998779296875,350.55857631138394
TSLA,2026-04-15,366.8299865722656,394.6499938964844,362.5,391.95001220703125,391.95001220703125,113810400,0.07619439612820611,25.120025634765625,356.14857700892856
TSLA,2026-04-16,393.80999755859375,394.05999755859375,381.79998779296875,388.8999938964844,388.8999938964844,63515100,-0.007781651270713175,-4.910003662109375,362.18429129464283
TSLA,2026-04-17,395.9200134277344,409.2799987792969,391.6499938964844,400.6199951171875,400.6199951171875,90640000,0.03013628543234881,4.699981689453125,370.3800048828125
TSLA,2026-04-20,402.5799865722656,406.79998779296875,388.3299865722656,392.5,392.5,64603900,-0.02026857175416885,-10.079986572265625,377.0771484375
TSLA,2026-04-21,393.0,393.95001220703125,385.2200012207031,386.4200134277344,386.4200134277344,50530600,-0.015490411649084379,-6.579986572265625,382.4300057547433
TSLA,2026-04-22,387.57000732421875,393.010009765625,385.29998779296875,387.510009765625,387.510009765625,62362800,0.0028207553957204645,-0.05999755859375,387.442862374442
TSLA,2026-04-23,375.2799987792969,386.0,368.3900146484375,373.7200012207031,373.7200012207031,93969500,-0.03558619957523779,-1.55999755859375,388.80286080496654
TSLA,2026-04-24,373.5,382.760009765625,370.7300109863281,376.29998779296875,376.29998779296875,62893300,0.0069035282132037246,2.79998779296875,386.56714303152904
TSLA,2026-04-27,372.0899963378906,380.7799987792969,364.0199890136719,378.6700134277344,378.6700134277344,66735800,0.0062982346841573555,6.58001708984375,385.10571725027904
TSLA,2026-04-28,374.67999267578125,382.2900085449219,372.5400085449219,376.0199890136719,376.0199890136719,50864400,-0.006998242057971282,1.339996337890625,381.5914306640625
TSLA,2026-04-29,375.3999938964844,376.3999938964844,370.0400085449219,372.79998779296875,372.79998779296875,45384800,-0.008563377785179571,-2.600006103515625,378.7771432059152
TSLA,2026-04-30,372.75,384.75,368.1700134277344,381.6300048828125,381.6300048828125,51076000,0.02368566893502,8.8800048828125,378.09285627092635
TSLA,2026-05-01,382.489990234375,397.82000732421875,378.79998779296875,390.82000732421875,390.82000732421875,65338300,0.024080922159745333,8.33001708984375,378.56571306501115
TSLA,2026-05-04,390.2300109863281,394.6400146484375,384.79998779296875,392.510009765625,392.510009765625,48765100,0.00432424750456617,2.279998779296875,381.25
TSLA,2026-05-05,395.19000244140625,402.1199951171875,389.0,389.3699951171875,389.3699951171875,47780600,-0.007999833304410453,-5.82000732421875,383.1171439034598
TSLA,2026-05-06,386.25,401.67999267578125,384.0199890136719,398.7300109863281,398.7300109863281,53465400,0.024038873016714035,12.480010986328125,385.9828578404018
TSLA,2026-05-07,407.4800109863281,415.8299865722656,402.1199951171875,411.7900085449219,411.7900085449219,64294200,0.03275398690529352,4.30999755859375,391.09286063058033
TSLA,2026-05-08,416.4800109863281,431.20001220703125,416.3900146484375,428.3500061035156,428.3500061035156,65050000,0.040214665764012114,11.8699951171875,399.02857753208707
TSLA,2026-05-11,422.1600036621094,449.1600036621094,416.79998779296875,445.0,445.0,78376100,0.038870068073398656,22.839996337890625,408.08143397739957
TSLA,2026-05-12,441.4100036621094,447.79998779296875,422.260009765625,433.45001220703125,433.45001220703125,60569300,-0.025955028748244402,-7.959991455078125,414.1714346749442
TSLA,2026-05-13,436.6700134277344,453.3999938964844,430.2099914550781,445.2699890136719,445.2699890136719,68283200,0.027269526989873505,8.5999755859375,421.7085745675223
TSLA,2026-05-14,446.489990234375,451.9800109863281,441.1600036621094,443.29998779296875,443.29998779296875,45939400,-0.004424284747029383,-3.19000244140625,429.41285923549106
